Id,Name,StageName,Amount,CreatedDate,CloseDate,Probability,LeadSource,Product,LeadId
0069051f1008d53,Tyrell Corp 13 - Pension Fund Management,Closed Won,51441,2025-10-15,2025-12-07,100,Trade Show,Pension Fund Management,00Qacf4aec4ea08
0064fd9d3ed47fc,Hooli 84 - Corporate Life Insurance,Closed Lost,13265,2025-08-27,2025-10-01,0,Web,Corporate Life Insurance,00Q5555b33d1c6f
006d116da111e46,Aperture Science 19 - Directors & Officers (D&O),Closed Lost,310784,2025-06-08,2025-08-22,0,LinkedIn,Directors & Officers (D&O),00Qa34d3092ad79
006a05ced7a46fd,Virtucon 13 - Corporate Life Insurance,Closed Lost,25426,2025-11-19,2026-04-17,0,Trade Show,Corporate Life Insurance,00Q21c66e605908
006246b6c111de6,Umbrella Corp 1 - Corporate Life Insurance,Negotiation/Review,32806,2025-05-13,2025-07-29,90,Trade Show,Corporate Life Insurance,00Qf891199f6248
0066b6f2a56cb4f,Globex 61 - Commercial Property,Negotiation/Review,63881,2025-04-16,2025-07-05,90,Web,Commercial Property,00Q922916acc35f
00680f82f97a7b7,Stark Ind 36 - Corporate Life Insurance,Closed Won,13772,2025-07-12,2025-10-07,100,Referral,Corporate Life Insurance,00Q15d49cb24052
0064d8fced5b008,Aperture Science 5 - Fleet Auto Insurance,Closed Won,62650,2025-10-04,2026-03-02,100,Web,Fleet Auto Insurance,00Q79f22e08115a
006a85bf2724aa9,Initech 84 - Corporate Life Insurance,Closed Lost,66237,2025-11-21,2026-02-10,0,LinkedIn,Corporate Life Insurance,00Qdf0127a634e4
006a0dcf33b5b98,Black Mesa 85 - Commercial Property,Closed Won,110933,2025-07-09,2025-08-08,100,LinkedIn,Commercial Property,00Qc426661fe567
0062a59b74560d6,LexCorp 99 - Cyber Liability Insurance,Closed Won,213442,2025-11-11,2025-12-14,100,Referral,Cyber Liability Insurance,00Q8000cdbdd333
00680b69bc4b558,Initech 38 - Fleet Auto Insurance,Closed Lost,338968,2025-08-09,2026-01-22,0,Cold Call,Fleet Auto Insurance,00Q76ad54e3a019
006dc16485a429e,Massive Dynamic 92 - Cyber Liability Insurance,Closed Won,23972,2025-11-21,2026-02-25,100,Trade Show,Cyber Liability Insurance,00Q6a28a4a59dfe
00648866c3fd52d,Vandelay Ind 74 - Fleet Auto Insurance,Closed Won,1024112,2025-03-22,2025-05-06,100,Referral,Fleet Auto Insurance,00Q0eb5647d6f84
006b1a872006235,Vandelay Ind 61 - Corporate Life Insurance,Closed Won,669975,2025-08-15,2025-12-27,100,Cold Call,Corporate Life Insurance,00Qe3f7b70dd289
0060739796eb1b2,MomCorp 18 - Group Health Insurance,Closed Won,141412,2025-02-18,2025-07-22,100,Referral,Group Health Insurance,00Q67ebc3250520
006a82b77f2579b,Initech 3 - Commercial Property,Closed Won,157252,2025-09-12,2025-12-12,100,Partner,Commercial Property,00Q4fcfb56c11bf
006b6a53028c4ec,Vandelay Ind 85 - Fleet Auto Insurance,Negotiation/Review,267590,2025-11-27,2026-01-26,90,LinkedIn,Fleet Auto Insurance,00Q1bc07ce5bcb3
00688b1e41d3034,Umbrella Corp 71 - Group Health Insurance,Closed Won,249864,2025-01-10,2025-06-30,100,Referral,Group Health Insurance,00Q0e469ccad5f6
00656bc4800d585,LexCorp 92 - Fleet Auto Insurance,Closed Lost,152705,2025-03-23,2025-08-09,0,Trade Show,Fleet Auto Insurance,00Q46b9562960c5
006471305f0445c,Tyrell Corp 79 - Commercial Property,Closed Won,106887,2025-11-10,2026-01-06,100,Web,Commercial Property,00Q4a21b6db09ab
0060a47f56815da,Wayne Ent 26 - Corporate Life Insurance,Closed Lost,152498,2025-01-21,2025-03-04,0,Web,Corporate Life Insurance,00Q9bd9d5103874
006aa495b77ea0e,Aperture Science 43 - Fleet Auto Insurance,Closed Won,807143,2025-05-03,2025-06-17,100,Web,Fleet Auto Insurance,00Q2c71c0e523da
0060f38fc472456,Hooli 13 - Group Health Insurance,Closed Won,576960,2025-04-02,2025-07-27,100,Cold Call,Group Health Insurance,00Q53fe0a10af7c
00692634b8d644a,Dunder Mifflin 56 - Corporate Life Insurance,Closed Won,932923,2025-05-28,2025-11-11,100,LinkedIn,Corporate Life Insurance,00Qc0fd851c74ee
0065008694e0a2c,MomCorp 27 - Directors & Officers (D&O),Closed Lost,429237,2025-02-04,2025-04-16,0,Cold Call,Directors & Officers (D&O),00Qe88855426757
006fbb0ca16abc2,Soylent Corp 7 - Commercial Property,Closed Won,18656,2025-04-26,2025-08-31,100,LinkedIn,Commercial Property,00Q85b44a2f59a7
0062482b9555a29,Initech 12 - Corporate Life Insurance,Closed Won,141310,2025-09-03,2025-10-20,100,Web,Corporate Life Insurance,00Qf5183464192b
00605ddf8c2429d,Virtucon 18 - Group Health Insurance,Closed Won,22938,2025-09-25,2026-03-08,100,Trade Show,Group Health Insurance,00Qc2059e7fa9df
006c9e1b32fc4e6,Vandelay Ind 1 - Cyber Liability Insurance,Closed Lost,40733,2025-08-23,2026-02-11,0,Web,Cyber Liability Insurance,00Q3e767dcbd8e2
006a7a4528fdc3e,Tyrell Corp 65 - Directors & Officers (D&O),Closed Lost,860972,2025-10-24,2026-03-19,0,Trade Show,Directors & Officers (D&O),00Q150cf7b3613e
006c72c9870d87b,LexCorp 49 - Corporate Life Insurance,Closed Won,666060,2025-03-28,2025-05-08,100,Partner,Corporate Life Insurance,00Q56cb50dca553
0065cc07393d04b,Gekko & Co 73 - Commercial Property,Closed Won,6130,2025-10-05,2026-03-03,100,Referral,Commercial Property,00Q499e288f359e
0069387ee5f6e91,Aperture Science 67 - Cyber Liability Insurance,Closed Won,8445,2025-03-18,2025-09-04,100,Web,Cyber Liability Insurance,00Q3251e5588634
00679b71b0cd9db,Globex 8 - Group Health Insurance,Closed Lost,440036,2025-11-16,2026-03-20,0,Cold Call,Group Health Insurance,00Qa4e572b1768f
006b29c186218a6,Massive Dynamic 59 - Cyber Liability Insurance,Closed Won,15022,2025-03-23,2025-09-02,100,LinkedIn,Cyber Liability Insurance,00Qc967a7e20564
006db27d32160fa,Initech 2 - Fleet Auto Insurance,Closed Lost,310305,2025-09-10,2026-03-02,0,LinkedIn,Fleet Auto Insurance,00Q6b723b68a111
00672b4e41858a1,Initech 94 - Corporate Life Insurance,Closed Lost,64277,2025-09-20,2025-12-01,0,Partner,Corporate Life Insurance,00Q7410a6fa6b33
006422c5b4486f8,LexCorp 79 - Cyber Liability Insurance,Closed Lost,729005,2025-10-05,2025-12-27,0,Referral,Cyber Liability Insurance,00Q3148b8fd9e74
00635b93b758200,MomCorp 63 - Fleet Auto Insurance,Negotiation/Review,889615,2025-06-30,2025-12-21,90,Trade Show,Fleet Auto Insurance,00Q6f973412ea43
0060433e957cc63,Umbrella Corp 68 - Corporate Life Insurance,Closed Won,28702,2025-07-19,2026-01-15,100,Partner,Corporate Life Insurance,00Q9f3375c5ff08
006ee114e992104,Oscorp 54 - Directors & Officers (D&O),Closed Won,44221,2025-10-29,2026-02-08,100,Cold Call,Directors & Officers (D&O),00Q740f93d4ea41
0060731d3d706a8,Umbrella Corp 60 - Pension Fund Management,Closed Won,30688,2025-06-14,2025-10-13,100,Referral,Pension Fund Management,00Qe0580601b705
006d0fef22b7d76,Tyrell Corp 53 - Pension Fund Management,Closed Won,263629,2025-04-04,2025-08-01,100,Cold Call,Pension Fund Management,00Q1a424806d14a
006acfa18c63e21,Soylent Corp 41 - Cyber Liability Insurance,Closed Won,1033324,2025-06-04,2025-08-21,100,Trade Show,Cyber Liability Insurance,00Qc6eae0b4154a
006113025bdeb82,LexCorp 77 - Group Health Insurance,Closed Won,69636,2025-04-30,2025-08-03,100,Web,Group Health Insurance,00Q86604eba57a6
0067f80861b828a,Initech 66 - Fleet Auto Insurance,Closed Won,9439,2025-06-21,2025-11-10,100,Referral,Fleet Auto Insurance,00Q5dada0010e12
006c1c79a83ac97,Vandelay Ind 14 - Fleet Auto Insurance,Closed Won,235892,2025-08-16,2025-09-16,100,Partner,Fleet Auto Insurance,00Qa3bc35c013c6
00612a0b8787f6d,Umbrella Corp 82 - Directors & Officers (D&O),Closed Lost,56176,2025-01-30,2025-06-03,0,Trade Show,Directors & Officers (D&O),00Qfb641e9826ce
00602823e2f2653,Initech 77 - Commercial Property,Closed Won,203409,2025-05-20,2025-08-21,100,LinkedIn,Commercial Property,00Qb37f2ab28da5
0065b79970409c2,Stark Ind 72 - Fleet Auto Insurance,Closed Won,16347,2025-07-09,2025-12-21,100,Web,Fleet Auto Insurance,00Q4cc4e62e5180
006ce245747c196,LexCorp 90 - Commercial Property,Closed Won,53266,2025-11-11,2026-01-29,100,Trade Show,Commercial Property,00Q53dc7104f33d
006ef2f90513efd,Oscorp 15 - Cyber Liability Insurance,Closed Won,273167,2025-07-27,2025-11-28,100,Partner,Cyber Liability Insurance,00Q71e76b3a046d
0066dee7268be0b,Cyberdyne 78 - Directors & Officers (D&O),Closed Won,54540,2025-03-12,2025-07-17,100,Trade Show,Directors & Officers (D&O),00Q5fda695e3a70
006e08e4e6e85f4,Cyberdyne 29 - Commercial Property,Closed Won,255225,2025-03-31,2025-08-31,100,Cold Call,Commercial Property,00Q25d9661942a3
006e785466b8ce0,Umbrella Corp 47 - Corporate Life Insurance,Closed Won,157014,2025-06-14,2025-07-16,100,LinkedIn,Corporate Life Insurance,00Qafa9d2fe9f6c
00656895aa58293,Dunder Mifflin 17 - Commercial Property,Closed Won,142523,2025-01-20,2025-06-14,100,Web,Commercial Property,00Qad70cb7572e1
006f7b516d182f7,Umbrella Corp 35 - Cyber Liability Insurance,Closed Won,125095,2025-05-01,2025-10-16,100,Referral,Cyber Liability Insurance,00Q3b101ce3e505
0062a4bb849825a,Wayne Ent 20 - Corporate Life Insurance,Closed Won,405794,2025-04-29,2025-10-19,100,Partner,Corporate Life Insurance,00Q25f392a88009
0062c1a44b10f27,Initech 93 - Directors & Officers (D&O),Closed Won,119477,2025-01-31,2025-06-05,100,Cold Call,Directors & Officers (D&O),00Q1540371b5df1
00689cd354a702d,Wayne Ent 45 - Pension Fund Management,Closed Lost,95090,2025-11-12,2026-04-19,0,LinkedIn,Pension Fund Management,00Q4281f85283d5
0065831a707ec21,Dunder Mifflin 91 - Cyber Liability Insurance,Closed Lost,682007,2025-07-31,2026-01-22,0,Cold Call,Cyber Liability Insurance,00Q623dd871f178
006f1a2ce044180,Oscorp 80 - Cyber Liability Insurance,Closed Won,544305,2025-04-06,2025-08-03,100,Referral,Cyber Liability Insurance,00Q9cd823896317
00643c2c5d6fbdd,Initech 93 - Commercial Property,Closed Won,5886,2025-08-25,2025-11-22,100,Referral,Commercial Property,00Q28b6b02c30a4
0066a4347a2a6ab,Umbrella Corp 94 - Cyber Liability Insurance,Closed Won,40526,2025-06-07,2025-10-14,100,LinkedIn,Cyber Liability Insurance,00Qd423d9ec3754
0060c953d45682f,Oscorp 6 - Cyber Liability Insurance,Closed Lost,21683,2025-01-28,2025-07-23,0,LinkedIn,Cyber Liability Insurance,00Qd95763615719
00634503b8dba33,Umbrella Corp 11 - Pension Fund Management,Closed Lost,72549,2025-08-09,2025-12-19,0,Partner,Pension Fund Management,00Qc7ab1c7e6227
006cb24fa06c7f8,Tyrell Corp 67 - Cyber Liability Insurance,Negotiation/Review,49978,2025-03-30,2025-05-20,90,Web,Cyber Liability Insurance,00Q099f69080bcb
0062e66fa933659,Vandelay Ind 88 - Cyber Liability Insurance,Closed Won,143877,2025-11-16,2026-05-15,100,Cold Call,Cyber Liability Insurance,00Q056d2b744921
0064596f7cac034,Umbrella Corp 24 - Group Health Insurance,Closed Won,843496,2025-01-13,2025-03-16,100,Partner,Group Health Insurance,00Q6264e4a93bbc
00696a52ee9b364,LexCorp 48 - Cyber Liability Insurance,Closed Won,36162,2025-10-01,2025-12-01,100,Trade Show,Cyber Liability Insurance,00Q5460f87cf3d4
0067829cb2ed8f0,Stark Ind 63 - Fleet Auto Insurance,Closed Won,454343,2025-03-29,2025-07-18,100,Cold Call,Fleet Auto Insurance,00Q6599181d9189
006488f84603fda,LexCorp 75 - Group Health Insurance,Closed Won,4804137,2025-10-12,2026-04-02,100,Web,Group Health Insurance,00Q0d1fb2360222
0062b6bf63a9c81,Gekko & Co 51 - Directors & Officers (D&O),Negotiation/Review,51365,2025-08-09,2025-10-10,90,Trade Show,Directors & Officers (D&O),00Qcd063546bc92
006a8fdb4bafd96,Virtucon 57 - Pension Fund Management,Closed Won,4328,2025-01-25,2025-07-07,100,Cold Call,Pension Fund Management,00Qd27ca7c5390f
0061f76bcb15335,Aperture Science 5 - Group Health Insurance,Closed Won,61589,2025-09-03,2026-02-08,100,Cold Call,Group Health Insurance,00Qeab61a5fe333
006b42705d07cbb,Hooli 73 - Cyber Liability Insurance,Closed Lost,2806376,2025-04-22,2025-07-26,0,LinkedIn,Cyber Liability Insurance,00Qc620d97ef849
006aae38fef1656,Acme Corp 53 - Corporate Life Insurance,Closed Won,2753,2025-03-04,2025-08-09,100,LinkedIn,Corporate Life Insurance,00Q3ac8041f448d
0067a13b377c61d,Massive Dynamic 99 - Fleet Auto Insurance,Closed Lost,293166,2025-11-10,2026-03-10,0,Cold Call,Fleet Auto Insurance,00Qcbfd87688557
0069521e942a575,Wayne Ent 68 - Commercial Property,Closed Won,1335733,2025-06-12,2025-07-28,100,Web,Commercial Property,00Q5620c5fbe292
00644833e1ecd29,Wayne Ent 18 - Pension Fund Management,Closed Won,87926,2025-08-04,2026-01-01,100,Partner,Pension Fund Management,00Q376d7a31b905
00612a48e53d29b,Acme Corp 75 - Cyber Liability Insurance,Closed Won,327859,2025-02-24,2025-07-23,100,LinkedIn,Cyber Liability Insurance,00Q1964a5c71063
0065dac6113dd3d,Acme Corp 24 - Fleet Auto Insurance,Closed Won,24465,2025-11-13,2026-04-18,100,Trade Show,Fleet Auto Insurance,00Q413ea4476ef7
0061dfae391e195,Cyberdyne 83 - Group Health Insurance,Closed Won,234056,2025-10-29,2026-04-14,100,LinkedIn,Group Health Insurance,00Q0496e886e0c6
006cc0cf1fd0c14,Globex 57 - Cyber Liability Insurance,Negotiation/Review,33725,2025-10-02,2026-01-02,90,Web,Cyber Liability Insurance,00Qb58d63a86b9f
00675fcdacc694d,MomCorp 44 - Cyber Liability Insurance,Closed Won,45357,2025-01-28,2025-05-17,100,Cold Call,Cyber Liability Insurance,00Q6fb098d9ad6e
0063e9eef20df2e,Virtucon 4 - Directors & Officers (D&O),Closed Lost,50309,2025-05-03,2025-07-01,0,Cold Call,Directors & Officers (D&O),00Qd809f5e8eead
00654d6d90d8b16,Virtucon 93 - Commercial Property,Closed Won,90443,2025-03-11,2025-07-29,100,Cold Call,Commercial Property,00Q1d5a97030600
006573cc3c45895,Soylent Corp 26 - Directors & Officers (D&O),Closed Lost,440225,2025-09-18,2026-02-28,0,Trade Show,Directors & Officers (D&O),00Q9e0d8ddb53d5
0061ce3682e530d,Globex 55 - Pension Fund Management,Closed Lost,136101,2025-01-11,2025-05-26,0,Web,Pension Fund Management,00Qfa315f4a62a2
00611cdc9b38e4f,Soylent Corp 33 - Group Health Insurance,Negotiation/Review,16411,2025-07-26,2025-12-30,90,Referral,Group Health Insurance,00Q694189425a7b
006c1bad24ccd4f,Dunder Mifflin 67 - Pension Fund Management,Closed Won,199741,2025-05-26,2025-10-30,100,Partner,Pension Fund Management,00Q043dd5b84ea9
00656d23f878b2b,Aperture Science 68 - Corporate Life Insurance,Closed Won,5291,2025-01-24,2025-05-13,100,Cold Call,Corporate Life Insurance,00Q2e516d760ab4
006771bcbb67ac6,Cyberdyne 71 - Commercial Property,Closed Won,25726,2025-07-15,2025-11-08,100,Cold Call,Commercial Property,00Q6f989e4a62fa
0067dd08c739611,MomCorp 45 - Corporate Life Insurance,Closed Lost,254897,2025-10-29,2025-12-09,0,Partner,Corporate Life Insurance,00Qf0cde509ee1b
006c502953182de,Soylent Corp 77 - Group Health Insurance,Closed Lost,132548,2025-09-21,2026-03-15,0,Partner,Group Health Insurance,00Qb34ae96b7561
00640b044b86541,Soylent Corp 20 - Group Health Insurance,Closed Lost,212778,2025-05-28,2025-09-27,0,LinkedIn,Group Health Insurance,00Q4060259b7fe1
00620bace4d052b,Umbrella Corp 31 - Group Health Insurance,Closed Won,36940,2025-05-10,2025-09-15,100,Trade Show,Group Health Insurance,00Qc25a5cbd6c6a
006235616616090,Massive Dynamic 25 - Cyber Liability Insurance,Closed Won,298743,2025-01-22,2025-05-06,100,Trade Show,Cyber Liability Insurance,00Q69437403b3a3
006698053482878,Vandelay Ind 29 - Commercial Property,Closed Lost,129459,2025-08-03,2025-12-04,0,Cold Call,Commercial Property,00Q12a63520aa80
0061f70247a569d,Massive Dynamic 65 - Directors & Officers (D&O),Closed Lost,109367,2025-08-11,2026-01-20,0,Partner,Directors & Officers (D&O),00Q005f08ade280
006ee63c4ad3880,LexCorp 80 - Corporate Life Insurance,Closed Won,7655,2025-06-02,2025-10-11,100,Web,Corporate Life Insurance,00Qa47a50284bff
0061ce68fbda03f,Soylent Corp 49 - Commercial Property,Closed Won,4211,2025-03-17,2025-08-19,100,Trade Show,Commercial Property,00Q93e33c8719e0
00684a6427cf6ff,Oscorp 52 - Cyber Liability Insurance,Closed Won,162384,2025-10-15,2026-02-25,100,LinkedIn,Cyber Liability Insurance,00Qe1bb4701a090
0067f4bb3f629cd,LexCorp 89 - Cyber Liability Insurance,Negotiation/Review,21700,2025-07-05,2025-12-22,90,Cold Call,Cyber Liability Insurance,00Q7ef29cdd6c8d
00670f9cf3f9bde,Aperture Science 75 - Commercial Property,Closed Won,37626,2025-03-08,2025-08-05,100,Cold Call,Commercial Property,00Q4676d739991c
0069b723a882c44,Initech 47 - Group Health Insurance,Closed Won,3164609,2025-11-11,2026-03-27,100,Trade Show,Group Health Insurance,00Q9469309ec257
00641bf47a33192,LexCorp 63 - Corporate Life Insurance,Closed Won,105346,2025-03-22,2025-06-04,100,Partner,Corporate Life Insurance,00Q1fc80993c331
006d9885eae92cf,Massive Dynamic 57 - Cyber Liability Insurance,Closed Lost,836679,2025-02-10,2025-07-10,0,Web,Cyber Liability Insurance,00Q8591011c313e
006c6821f0d9be0,Globex 48 - Cyber Liability Insurance,Closed Lost,168767,2025-08-18,2025-11-18,0,Trade Show,Cyber Liability Insurance,00Q838d9b50a1bb
00658da1281e6f7,Dunder Mifflin 73 - Pension Fund Management,Negotiation/Review,300156,2025-01-10,2025-06-29,90,Cold Call,Pension Fund Management,00Qcf8707c2adcb
006614db8198d1e,Dunder Mifflin 56 - Group Health Insurance,Negotiation/Review,145230,2025-02-17,2025-05-16,90,Cold Call,Group Health Insurance,00Qf1d0873dd3ed
00637c5be0c36d4,MomCorp 92 - Group Health Insurance,Closed Lost,147746,2025-04-10,2025-08-07,0,LinkedIn,Group Health Insurance,00Q9b729054f187
006a1a1a2607781,Umbrella Corp 93 - Fleet Auto Insurance,Closed Lost,53765,2025-01-12,2025-06-12,0,Partner,Fleet Auto Insurance,00Qadd65466d2c0
006ececf1275cec,Massive Dynamic 15 - Directors & Officers (D&O),Closed Lost,23179,2025-10-22,2026-02-15,0,Web,Directors & Officers (D&O),00Q0ba04c05cb89
006721d6335c6d6,Gekko & Co 66 - Commercial Property,Closed Won,45763,2025-09-28,2025-11-27,100,Partner,Commercial Property,00Q7188c162ca2a
006c316650491b7,Vandelay Ind 95 - Corporate Life Insurance,Negotiation/Review,195723,2025-05-27,2025-07-29,90,LinkedIn,Corporate Life Insurance,00Q9aabf0f6659a
006687d6bcb38d6,Initech 39 - Directors & Officers (D&O),Closed Lost,303714,2025-04-30,2025-06-27,0,Referral,Directors & Officers (D&O),00Qabaa6eba94e5
00681478453e827,Soylent Corp 37 - Pension Fund Management,Negotiation/Review,638636,2025-10-23,2025-12-11,90,Trade Show,Pension Fund Management,00Q295d05b0ccd2
006fae57a5cf0bc,Oscorp 75 - Commercial Property,Closed Won,21588,2025-01-02,2025-03-01,100,Partner,Commercial Property,00Q80b52d0d59b5
00608f367203b3f,Wayne Ent 47 - Commercial Property,Closed Lost,89978,2025-05-20,2025-10-28,0,Cold Call,Commercial Property,00Qa18619a920e8
006b48027caa491,Cyberdyne 81 - Commercial Property,Closed Won,53874,2025-09-20,2025-11-08,100,Cold Call,Commercial Property,00Q4a39aab0e4cd
0066fcabddf1d3e,Globex 27 - Pension Fund Management,Closed Won,35001,2025-06-26,2025-11-22,100,Trade Show,Pension Fund Management,00Q44324a732466
006f09ae2289bed,Hooli 17 - Fleet Auto Insurance,Negotiation/Review,25281,2025-02-26,2025-08-05,90,Trade Show,Fleet Auto Insurance,00Q52c5f9cd1785
00630ca336c134c,Acme Corp 62 - Group Health Insurance,Closed Lost,71422,2025-04-01,2025-09-14,0,Cold Call,Group Health Insurance,00Qf63123eff53b
00608cb972f5399,Umbrella Corp 8 - Directors & Officers (D&O),Closed Won,673984,2025-03-22,2025-04-27,100,LinkedIn,Directors & Officers (D&O),00Qe5f4bd4b9b62
00670d6f78d97e5,Tyrell Corp 83 - Group Health Insurance,Closed Lost,206639,2025-06-08,2025-08-11,0,LinkedIn,Group Health Insurance,00Qfcc8890e2c9a
006d9053bd8e0c9,Dunder Mifflin 13 - Group Health Insurance,Closed Won,663745,2025-02-06,2025-05-25,100,Web,Group Health Insurance,00Qefe79bec7ba8
006811f58b29ae6,Wayne Ent 63 - Group Health Insurance,Closed Won,30196,2025-10-19,2026-01-08,100,LinkedIn,Group Health Insurance,00Q761140e138d8
00660ea5f94e50a,Stark Ind 55 - Corporate Life Insurance,Closed Won,78257,2025-11-17,2026-02-08,100,Partner,Corporate Life Insurance,00Qad77d3b0754d
0069aa91963d161,Aperture Science 29 - Group Health Insurance,Negotiation/Review,42004,2025-03-05,2025-07-15,90,Partner,Group Health Insurance,00Q6ca5c33c6583
0060e0313a0f5ac,LexCorp 96 - Fleet Auto Insurance,Closed Won,356474,2025-05-15,2025-06-15,100,Partner,Fleet Auto Insurance,00Q51eae2305d6d
00639d591ac2080,Dunder Mifflin 86 - Directors & Officers (D&O),Closed Won,57717,2025-07-13,2025-12-10,100,Trade Show,Directors & Officers (D&O),00Q0a05435acb7f
0064730dbca822b,Cyberdyne 21 - Directors & Officers (D&O),Closed Won,62926,2025-02-27,2025-07-16,100,LinkedIn,Directors & Officers (D&O),00Q4fae31288d75
0066974a88618f1,Tyrell Corp 65 - Fleet Auto Insurance,Closed Won,65383,2025-01-07,2025-02-19,100,Cold Call,Fleet Auto Insurance,00Q37f175a26a3b
00624f9b0cef1fa,Dunder Mifflin 62 - Commercial Property,Negotiation/Review,32198,2025-06-21,2025-11-07,90,Trade Show,Commercial Property,00Q3876807cebaf
00601d741d775ba,Soylent Corp 85 - Fleet Auto Insurance,Closed Won,9686,2025-11-26,2026-02-27,100,Cold Call,Fleet Auto Insurance,00Qf70275be751c
0062a73a072b550,Acme Corp 36 - Pension Fund Management,Closed Lost,119971,2025-03-23,2025-08-28,0,Referral,Pension Fund Management,00Q61792ea272c3
006e491b3545d0d,Vandelay Ind 95 - Directors & Officers (D&O),Closed Won,172450,2025-01-28,2025-04-17,100,Referral,Directors & Officers (D&O),00Q111887d0f4bd
006a839a55a1fe1,Stark Ind 74 - Commercial Property,Negotiation/Review,967267,2025-02-22,2025-04-07,90,Cold Call,Commercial Property,00Q0adc0098a89d
006e27b53c8363a,Oscorp 10 - Corporate Life Insurance,Negotiation/Review,157750,2025-05-19,2025-09-12,90,Trade Show,Corporate Life Insurance,00Q86527b0972b7
0068c69a886b083,MomCorp 94 - Fleet Auto Insurance,Closed Lost,2769,2025-08-21,2025-12-05,0,Partner,Fleet Auto Insurance,00Qe7108d867401
006945e52998999,Stark Ind 62 - Pension Fund Management,Closed Lost,48112,2025-08-03,2025-12-07,0,Partner,Pension Fund Management,00Q4fbffe578f57
00638bd0afdbd26,Globex 42 - Directors & Officers (D&O),Closed Won,675698,2025-05-19,2025-07-31,100,Referral,Directors & Officers (D&O),00Q7a1077212a22
006559889284365,Acme Corp 63 - Group Health Insurance,Closed Lost,22392,2025-06-10,2025-10-07,0,Web,Group Health Insurance,00Qbe7a3ca4a28d
006a74db899030d,Initech 18 - Corporate Life Insurance,Closed Lost,31735,2025-05-13,2025-09-13,0,Referral,Corporate Life Insurance,00Q055c7f60a7c8
0069efc37fd2846,MomCorp 23 - Corporate Life Insurance,Closed Lost,168487,2025-07-25,2026-01-15,0,Referral,Corporate Life Insurance,00Q64f4b131052e
00619524ddaf539,Oscorp 19 - Commercial Property,Closed Won,11553,2025-01-05,2025-04-13,100,Trade Show,Commercial Property,00Q70debc7ae509
0060e73345fc3e5,Dunder Mifflin 94 - Group Health Insurance,Closed Won,256326,2025-06-06,2025-08-28,100,Partner,Group Health Insurance,00Q206cfe9edefd
006f03e84eb7fe8,Wayne Ent 36 - Group Health Insurance,Closed Lost,92810,2025-07-20,2025-08-29,0,Web,Group Health Insurance,00Q4d3e6bec1295
006e020d1403a95,Stark Ind 16 - Directors & Officers (D&O),Negotiation/Review,184725,2025-05-29,2025-11-18,90,Partner,Directors & Officers (D&O),00Q6756c4eab937
006ade375f4567e,Cyberdyne 39 - Corporate Life Insurance,Closed Won,15847,2025-08-17,2025-10-07,100,Web,Corporate Life Insurance,00Q9d2201d5f687
006ac422ca3097f,Massive Dynamic 55 - Fleet Auto Insurance,Closed Won,32372,2025-06-30,2025-11-03,100,Cold Call,Fleet Auto Insurance,00Q12f0eefe59e9
00629dc538bbb7c,Vandelay Ind 26 - Cyber Liability Insurance,Closed Won,78809,2025-07-24,2025-11-25,100,Web,Cyber Liability Insurance,00Qdcc2b8acf872
00622fce98c689d,MomCorp 77 - Pension Fund Management,Closed Won,26411,2025-05-15,2025-09-24,100,Referral,Pension Fund Management,00Q2cd5b1a487c4
006865c3fcc9ed0,MomCorp 98 - Directors & Officers (D&O),Closed Lost,58928,2025-10-21,2026-03-01,0,Web,Directors & Officers (D&O),00Qba0927e8480c
0066aa2ee6e1645,Massive Dynamic 13 - Group Health Insurance,Closed Won,1145296,2025-01-15,2025-05-20,100,Partner,Group Health Insurance,00Q3261f427f0eb
0065e354de420d5,Virtucon 14 - Corporate Life Insurance,Closed Won,31678,2025-03-02,2025-08-15,100,Referral,Corporate Life Insurance,00Q334f2c009c72
006637d019ff860,Wayne Ent 29 - Commercial Property,Closed Won,449325,2025-09-16,2026-01-18,100,Cold Call,Commercial Property,00Q9592898ad3b3
006d959d7b771a4,Virtucon 90 - Corporate Life Insurance,Negotiation/Review,19853,2025-11-09,2025-12-24,90,Trade Show,Corporate Life Insurance,00Qf88bd22aefae
0066f9235cdfcd5,Stark Ind 96 - Directors & Officers (D&O),Closed Lost,1441214,2025-01-30,2025-06-14,0,Partner,Directors & Officers (D&O),00Q000f2c2b2571
006cb02e3bd6306,Umbrella Corp 77 - Cyber Liability Insurance,Closed Won,65838,2025-06-07,2025-08-12,100,Cold Call,Cyber Liability Insurance,00Q34ba027ec276
006fee98b63d4c2,Virtucon 92 - Fleet Auto Insurance,Closed Won,176252,2025-08-24,2025-09-30,100,Trade Show,Fleet Auto Insurance,00Qca86ee11232f
00654e591c53bda,Hooli 95 - Commercial Property,Closed Won,1446698,2025-02-17,2025-04-24,100,Cold Call,Commercial Property,00Qb299ad8828f5
006034fe6de1b1f,Cyberdyne 17 - Group Health Insurance,Closed Won,10629,2025-02-16,2025-07-02,100,Partner,Group Health Insurance,00Q5415d28f7142
006bd6c1c383e56,Umbrella Corp 33 - Pension Fund Management,Closed Won,20938,2025-09-30,2026-03-20,100,LinkedIn,Pension Fund Management,00Qf03ed6f31deb
006b6f3fc8981fa,Wayne Ent 2 - Directors & Officers (D&O),Closed Won,7286,2025-11-13,2025-12-22,100,Trade Show,Directors & Officers (D&O),00Q1ae6546ebd4e
0067cea51c1b7a5,Cyberdyne 31 - Directors & Officers (D&O),Closed Lost,37190,2025-09-01,2025-11-24,0,Referral,Directors & Officers (D&O),00Qa99adaf67d5c
006615138a5c317,MomCorp 47 - Pension Fund Management,Closed Lost,438370,2025-06-02,2025-08-01,0,Referral,Pension Fund Management,00Qeebc51f592c2
0065a803e62ceb4,Wayne Ent 81 - Directors & Officers (D&O),Closed Won,87327,2025-05-28,2025-08-20,100,Cold Call,Directors & Officers (D&O),00Qd40432a77f05
0063ccea35fa37a,Oscorp 85 - Group Health Insurance,Closed Lost,77789,2025-04-01,2025-07-09,0,Trade Show,Group Health Insurance,00Q22d5d912e557
006d7c715945c28,Oscorp 21 - Commercial Property,Closed Won,29518,2025-06-16,2025-10-15,100,Partner,Commercial Property,00Qa886e3166e00
006887d6cf62360,Globex 54 - Cyber Liability Insurance,Closed Won,85352,2025-04-09,2025-05-12,100,Web,Cyber Liability Insurance,00Qa62082c5d536
006f2956bbca8ad,MomCorp 56 - Fleet Auto Insurance,Closed Won,132242,2025-07-29,2025-12-27,100,Referral,Fleet Auto Insurance,00Qe593b03fdf72
006bbe38d2b3756,Umbrella Corp 88 - Pension Fund Management,Closed Won,368402,2025-01-11,2025-05-05,100,Cold Call,Pension Fund Management,00Qaf27e8f8a5bb
0067fc100bcb49c,Soylent Corp 82 - Directors & Officers (D&O),Closed Won,135291,2025-05-24,2025-11-08,100,LinkedIn,Directors & Officers (D&O),00Q2bdca64b2ace
0066769785abbb6,LexCorp 45 - Group Health Insurance,Closed Lost,31812,2025-04-06,2025-07-08,0,Partner,Group Health Insurance,00Q850695dcc11c
0067b3afebf264b,Wayne Ent 41 - Corporate Life Insurance,Negotiation/Review,6549,2025-04-19,2025-06-29,90,Trade Show,Corporate Life Insurance,00Q936aa2b8f72e
0061fc501361b46,Stark Ind 72 - Fleet Auto Insurance,Closed Lost,10865,2025-03-30,2025-07-17,0,Referral,Fleet Auto Insurance,00Qa8961e4cd75a
0066f85c348b29f,Initech 43 - Group Health Insurance,Closed Lost,558664,2025-01-24,2025-03-08,0,Trade Show,Group Health Insurance,00Qa9b548450edb
006eb9dd2afa896,Oscorp 55 - Commercial Property,Closed Won,91806,2025-05-10,2025-09-14,100,LinkedIn,Commercial Property,00Qca152d8beb3e
006730f35891024,Acme Corp 62 - Corporate Life Insurance,Closed Won,534782,2025-11-18,2026-04-13,100,LinkedIn,Corporate Life Insurance,00Q5baa763780f8
006aeadacb43136,MomCorp 83 - Fleet Auto Insurance,Negotiation/Review,12514,2025-07-24,2025-09-01,90,LinkedIn,Fleet Auto Insurance,00Q0c4534aba1da
006c06cd1bcfbd2,Stark Ind 96 - Cyber Liability Insurance,Closed Won,585312,2025-10-27,2025-12-02,100,Referral,Cyber Liability Insurance,00Q8e2d436c0b13
0060b2bf2a91ed7,MomCorp 5 - Fleet Auto Insurance,Closed Lost,157762,2025-05-18,2025-09-03,0,Referral,Fleet Auto Insurance,00Qfdbd99126f8e
006dd9656b4a045,Initech 38 - Pension Fund Management,Closed Won,127679,2025-02-01,2025-05-22,100,Web,Pension Fund Management,00Q9aaace765d22
006e4cce4e6ae38,Massive Dynamic 85 - Fleet Auto Insurance,Closed Won,407679,2025-09-28,2026-02-16,100,LinkedIn,Fleet Auto Insurance,00Qc159d62806e6
006c336b84220d7,Tyrell Corp 48 - Cyber Liability Insurance,Closed Lost,163020,2025-09-13,2026-01-07,0,Web,Cyber Liability Insurance,00Q3d780b178511
00699a855b809a4,Hooli 85 - Group Health Insurance,Closed Lost,115275,2025-07-29,2025-12-06,0,Partner,Group Health Insurance,00Qfbbddd0f5ee7
006c3eff3bb9061,Dunder Mifflin 58 - Commercial Property,Closed Won,91329,2025-08-06,2026-01-26,100,Referral,Commercial Property,00Q2008f2d9b72b
0062260f84b0977,Aperture Science 24 - Commercial Property,Closed Won,10664,2025-08-13,2025-11-08,100,Cold Call,Commercial Property,00Q64faef68fe31
0064f4bd5cc4d83,Oscorp 46 - Corporate Life Insurance,Closed Won,91904,2025-10-10,2026-01-17,100,Cold Call,Corporate Life Insurance,00Qa6329f54f632
00621e5d67ea2d2,Vandelay Ind 58 - Group Health Insurance,Closed Won,72904,2025-02-01,2025-07-16,100,Partner,Group Health Insurance,00Qbb379c427736
00698afdbd1fdc4,Hooli 27 - Cyber Liability Insurance,Closed Won,4669,2025-03-11,2025-04-20,100,LinkedIn,Cyber Liability Insurance,00Q69b7c321b25b
0066559addd0cdf,Soylent Corp 69 - Corporate Life Insurance,Closed Won,159911,2025-10-10,2026-03-30,100,LinkedIn,Corporate Life Insurance,00Q267652b8642e
006369c685b1431,Oscorp 16 - Group Health Insurance,Closed Lost,17927,2025-06-09,2025-07-27,0,Web,Group Health Insurance,00Q2ac8c202da05
006233162e5ab35,Dunder Mifflin 29 - Corporate Life Insurance,Closed Won,1092347,2025-01-08,2025-03-29,100,Partner,Corporate Life Insurance,00Q94a314901e79
0064c9af2323b58,Globex 6 - Commercial Property,Closed Won,247010,2025-02-01,2025-04-18,100,LinkedIn,Commercial Property,00Qcc736d25c47f
006a3e99755e2df,Stark Ind 39 - Pension Fund Management,Closed Won,84493,2025-09-07,2025-12-27,100,LinkedIn,Pension Fund Management,00Qf63329536a05
0065c3c104c1f0d,Aperture Science 77 - Group Health Insurance,Closed Lost,53952,2025-10-06,2026-01-14,0,Trade Show,Group Health Insurance,00Q069d5e1490c4
006f0377dd20b9e,Acme Corp 27 - Cyber Liability Insurance,Closed Won,154910,2025-04-30,2025-08-28,100,Trade Show,Cyber Liability Insurance,00Qedbee31f3a4b
006c458d2f6fdd2,Aperture Science 43 - Cyber Liability Insurance,Closed Lost,192756,2025-01-28,2025-06-16,0,Web,Cyber Liability Insurance,00Q4d0531d2e864
006b218bb486c3f,Globex 27 - Directors & Officers (D&O),Closed Won,2529518,2025-11-17,2026-05-12,100,Trade Show,Directors & Officers (D&O),00Q94ece4808b46
006ac2e7c76ce32,Umbrella Corp 93 - Fleet Auto Insurance,Closed Won,36526,2025-09-11,2026-01-19,100,Referral,Fleet Auto Insurance,00Q68a437256d74
00618213b337466,Tyrell Corp 46 - Group Health Insurance,Closed Lost,88349,2025-06-18,2025-07-23,0,Cold Call,Group Health Insurance,00Qd2759c5cfabf
00626b14974d532,Initech 69 - Group Health Insurance,Closed Lost,85117,2025-08-23,2025-11-18,0,LinkedIn,Group Health Insurance,00Q494ba341815a
006b2540dabef95,Wayne Ent 39 - Pension Fund Management,Closed Won,79220,2025-08-20,2025-12-07,100,Trade Show,Pension Fund Management,00Q582e0bdbe3bc
006f59f902f8859,Oscorp 37 - Corporate Life Insurance,Closed Won,357107,2025-01-20,2025-03-22,100,LinkedIn,Corporate Life Insurance,00Q8435c2d27929
006a62aade5684a,Umbrella Corp 70 - Corporate Life Insurance,Negotiation/Review,10370,2025-03-17,2025-05-28,90,Referral,Corporate Life Insurance,00Q60a2efeab3ac
00678276295e7db,Dunder Mifflin 78 - Directors & Officers (D&O),Closed Lost,213171,2025-11-05,2026-02-19,0,Cold Call,Directors & Officers (D&O),00Q3b0f8c26d6db
00609b567f81cf0,Acme Corp 97 - Cyber Liability Insurance,Closed Won,33499,2025-02-19,2025-03-25,100,LinkedIn,Cyber Liability Insurance,00Qde1c174f389a
006e07e8f30edd8,Wayne Ent 96 - Pension Fund Management,Closed Won,65194,2025-06-19,2025-11-12,100,Trade Show,Pension Fund Management,00Q3ff45e2358ba
006114145b5ad79,Gekko & Co 26 - Cyber Liability Insurance,Closed Lost,588017,2025-10-05,2025-12-15,0,LinkedIn,Cyber Liability Insurance,00Q8f7f262f9a05
006e3823201b800,Massive Dynamic 17 - Cyber Liability Insurance,Closed Lost,14270,2025-04-11,2025-10-04,0,LinkedIn,Cyber Liability Insurance,00Q2adadcc0865b
0062bcdf47e6539,Black Mesa 26 - Commercial Property,Negotiation/Review,274541,2025-07-28,2025-11-01,90,Cold Call,Commercial Property,00Qc3da80b21043
0065bb0a86ee1bf,LexCorp 81 - Cyber Liability Insurance,Closed Won,353962,2025-04-20,2025-06-05,100,LinkedIn,Cyber Liability Insurance,00Qbe12b73c510d
0061fd2ef3bc6aa,Aperture Science 72 - Commercial Property,Closed Won,509787,2025-04-29,2025-07-16,100,LinkedIn,Commercial Property,00Q6721d30d840f
00639036fb4eecc,Gekko & Co 1 - Directors & Officers (D&O),Negotiation/Review,276138,2025-08-04,2026-01-20,90,Partner,Directors & Officers (D&O),00Q7df14b6acf01
0063aae0778f088,Soylent Corp 73 - Corporate Life Insurance,Negotiation/Review,30380,2025-04-15,2025-06-11,90,LinkedIn,Corporate Life Insurance,00Q2aadb0b2d8bd
006001db7e7b08e,Tyrell Corp 14 - Commercial Property,Closed Won,165873,2025-02-26,2025-05-23,100,Trade Show,Commercial Property,00Q69c8ced697ef
0060dbb728dc8a4,Initech 12 - Directors & Officers (D&O),Closed Won,37618,2025-11-20,2026-03-14,100,Referral,Directors & Officers (D&O),00Q85ffcc51e835
006214f4132b6da,Cyberdyne 60 - Commercial Property,Closed Lost,43419,2025-08-08,2025-10-22,0,Referral,Commercial Property,00Q940886075159
006d17e07c6508a,Massive Dynamic 63 - Cyber Liability Insurance,Closed Won,52705,2025-01-01,2025-04-18,100,Web,Cyber Liability Insurance,00Q6541d808fe9b
0061af179caf125,Hooli 84 - Pension Fund Management,Closed Lost,123567,2025-01-20,2025-03-10,0,Cold Call,Pension Fund Management,00Q032c9096564c
0068a24083f93a5,Aperture Science 83 - Fleet Auto Insurance,Closed Won,1583878,2025-08-06,2025-12-01,100,Trade Show,Fleet Auto Insurance,00Qdcb63b4ba4be
0062d52e450d556,Vandelay Ind 90 - Group Health Insurance,Closed Won,38455,2025-07-08,2025-11-04,100,LinkedIn,Group Health Insurance,00Q268d3052b9f1
00619c761ce52e4,Stark Ind 87 - Commercial Property,Closed Lost,14370,2025-06-09,2025-08-21,0,Cold Call,Commercial Property,00Q341c38b014cd
0062c8141fa1c87,MomCorp 98 - Pension Fund Management,Closed Lost,62413,2025-06-29,2025-12-11,0,Partner,Pension Fund Management,00Q53cc654a6901
00608d9a21f1820,Tyrell Corp 80 - Directors & Officers (D&O),Closed Won,47215,2025-09-17,2026-01-11,100,Partner,Directors & Officers (D&O),00Q27135845ea9a
0065b1ae65912ac,Cyberdyne 99 - Corporate Life Insurance,Closed Lost,25368,2025-03-14,2025-06-12,0,Cold Call,Corporate Life Insurance,00Q67ef59f55127
0062f6ed34be625,Virtucon 42 - Fleet Auto Insurance,Closed Won,6300,2025-07-18,2025-10-16,100,Web,Fleet Auto Insurance,00Qb1bd252a622b
0063f7b54571e15,Gekko & Co 38 - Commercial Property,Closed Won,157353,2025-07-13,2025-09-26,100,Trade Show,Commercial Property,00Qec2dc07da65b
006bb63ecea995e,Stark Ind 61 - Fleet Auto Insurance,Closed Won,442480,2025-04-24,2025-10-14,100,Trade Show,Fleet Auto Insurance,00Q09917c0382a3
006eab414098cce,Soylent Corp 59 - Directors & Officers (D&O),Closed Won,13340,2025-11-13,2026-04-11,100,Web,Directors & Officers (D&O),00Q2ae455fb07a6
006603817b78a57,Dunder Mifflin 6 - Corporate Life Insurance,Closed Lost,46245,2025-09-19,2026-03-09,0,Trade Show,Corporate Life Insurance,00Q4a6b1a655ae2
006f87d7b1fa8f3,Massive Dynamic 65 - Cyber Liability Insurance,Closed Won,118222,2025-02-06,2025-07-25,100,LinkedIn,Cyber Liability Insurance,00Q9aaff98c9a20
0064f2cece2a906,Oscorp 10 - Group Health Insurance,Closed Won,146276,2025-08-15,2025-12-30,100,Web,Group Health Insurance,00Qa4bcd224d5df
0068f5d92030fff,Globex 98 - Cyber Liability Insurance,Closed Won,1084417,2025-09-02,2025-12-17,100,Web,Cyber Liability Insurance,00Q3708b1641e65
006a0c62e50b155,Oscorp 22 - Directors & Officers (D&O),Closed Lost,123693,2025-07-11,2025-09-29,0,Trade Show,Directors & Officers (D&O),00Q58484a1d1170
0069cff39cef988,Oscorp 42 - Corporate Life Insurance,Closed Won,24804,2025-05-18,2025-07-26,100,Trade Show,Corporate Life Insurance,00Q75b6f2e8d925
006f31a5473f960,Umbrella Corp 80 - Pension Fund Management,Closed Won,31982,2025-11-03,2026-01-21,100,Referral,Pension Fund Management,00Qe2ea08f9d38d
006968004ec8ee9,Globex 78 - Fleet Auto Insurance,Closed Won,450652,2025-07-25,2026-01-18,100,Trade Show,Fleet Auto Insurance,00Q7f0377fc210d
006f8eec2330ed1,MomCorp 44 - Commercial Property,Closed Won,83612,2025-04-26,2025-10-10,100,Trade Show,Commercial Property,00Q9831a41d6f4d
006aaa041027aa4,Tyrell Corp 58 - Commercial Property,Closed Won,1155530,2025-04-27,2025-08-31,100,Trade Show,Commercial Property,00Q5c1e2980de4a
0069b914be0a4d5,Aperture Science 44 - Directors & Officers (D&O),Closed Won,80907,2025-08-24,2025-12-28,100,Trade Show,Directors & Officers (D&O),00Q6ec0295e1353
0066faac71ee793,Stark Ind 28 - Corporate Life Insurance,Closed Lost,200664,2025-05-02,2025-10-07,0,LinkedIn,Corporate Life Insurance,00Q3840067beee6
006a285d501503b,Black Mesa 40 - Pension Fund Management,Closed Lost,30066,2025-05-31,2025-10-12,0,Referral,Pension Fund Management,00Qdb6800241cbc
006822641a4b2c9,Virtucon 18 - Commercial Property,Closed Won,143832,2025-08-17,2025-12-22,100,Web,Commercial Property,00Q44d06a654dcc
006cec733ca9df1,Virtucon 4 - Corporate Life Insurance,Closed Lost,12309,2025-09-08,2025-10-08,0,Trade Show,Corporate Life Insurance,00Qecc5737184d8
00640b2e6c1d6bf,Cyberdyne 15 - Pension Fund Management,Closed Won,33635,2025-05-05,2025-08-19,100,Cold Call,Pension Fund Management,00Q545399f3b5e4
0064bff87f73a3c,Black Mesa 20 - Fleet Auto Insurance,Negotiation/Review,503563,2025-02-21,2025-05-31,90,LinkedIn,Fleet Auto Insurance,00Q5882c8b92999
00662016f8f70c1,Massive Dynamic 48 - Commercial Property,Closed Lost,83854,2025-09-30,2026-01-06,0,Web,Commercial Property,00Qd03fc882ceca
0066a489f32c5bd,Acme Corp 1 - Pension Fund Management,Closed Lost,90264,2025-08-10,2026-01-21,0,Partner,Pension Fund Management,00Qbb3e881bbe8e
006e6ed8b15b8fa,Vandelay Ind 37 - Directors & Officers (D&O),Closed Lost,7236,2025-02-09,2025-07-24,0,Cold Call,Directors & Officers (D&O),00Q30f7fd4b36a9
006c71e7a99e99f,Soylent Corp 24 - Directors & Officers (D&O),Closed Won,87429,2025-06-18,2025-07-29,100,LinkedIn,Directors & Officers (D&O),00Q5cb45d4c3745
006a47258eeb0c3,Initech 4 - Commercial Property,Closed Lost,14486,2025-08-22,2025-11-18,0,Partner,Commercial Property,00Q797079449197
00665bfcaa2d614,Vandelay Ind 25 - Pension Fund Management,Closed Won,9879,2025-03-24,2025-06-23,100,Trade Show,Pension Fund Management,00Qff109a3727d6
006959c20683774,Soylent Corp 70 - Group Health Insurance,Negotiation/Review,82163,2025-05-02,2025-06-12,90,Partner,Group Health Insurance,00Q9056f4a00885
0063fda4b9eb226,Gekko & Co 64 - Group Health Insurance,Closed Won,135898,2025-11-08,2026-03-03,100,Referral,Group Health Insurance,00Q8bd239a0214b
006dd140f980d33,Vandelay Ind 44 - Cyber Liability Insurance,Negotiation/Review,55290,2025-10-19,2026-01-30,90,Partner,Cyber Liability Insurance,00Qa1e4cf7ba312
006d080927087a5,Cyberdyne 16 - Directors & Officers (D&O),Closed Lost,9810,2025-10-21,2026-01-22,0,LinkedIn,Directors & Officers (D&O),00Qbfb614afb3e9
0065f0223bf499e,Globex 27 - Pension Fund Management,Closed Won,284341,2025-10-22,2026-02-14,100,Web,Pension Fund Management,00Q8906193c2ee7
006354cbdc0dff5,Virtucon 8 - Cyber Liability Insurance,Closed Won,28063,2025-03-06,2025-08-04,100,Referral,Cyber Liability Insurance,00Q4622b32c56a3
006e6f3927198cf,Vandelay Ind 72 - Corporate Life Insurance,Closed Won,16967,2025-06-05,2025-10-11,100,Web,Corporate Life Insurance,00Q1d831832f41f
006d31d2494fe02,Tyrell Corp 90 - Pension Fund Management,Closed Won,487175,2025-02-11,2025-06-30,100,Cold Call,Pension Fund Management,00Q43caaa991eff
006da4a7faa310a,Cyberdyne 70 - Pension Fund Management,Closed Won,29802,2025-02-14,2025-04-11,100,LinkedIn,Pension Fund Management,00Q394760182c66
006d5fccdff08cf,Stark Ind 72 - Cyber Liability Insurance,Closed Won,19570,2025-09-20,2026-01-06,100,LinkedIn,Cyber Liability Insurance,00Q082c5d06332e
006685d8a0b0d41,Stark Ind 26 - Group Health Insurance,Negotiation/Review,912028,2025-11-25,2026-01-29,90,Cold Call,Group Health Insurance,00Q7ba6b27b0bb0
0063372a9fee5cf,Tyrell Corp 81 - Directors & Officers (D&O),Closed Won,33425,2025-08-21,2025-09-28,100,LinkedIn,Directors & Officers (D&O),00Q85f5a0c1b001
0067092cf88fb38,Initech 77 - Commercial Property,Closed Won,42407,2025-08-16,2025-12-08,100,LinkedIn,Commercial Property,00Qf8cb149199e4
006cafbd8228fa0,Initech 68 - Fleet Auto Insurance,Closed Lost,338284,2025-08-02,2025-12-05,0,Cold Call,Fleet Auto Insurance,00Q1df392813e76
00675ed0d0bc9cf,Umbrella Corp 98 - Group Health Insurance,Closed Won,77941,2025-11-21,2026-04-11,100,Web,Group Health Insurance,00Q8c433047cdce
00678108bc285f6,Cyberdyne 24 - Commercial Property,Closed Won,33411,2025-10-27,2026-01-01,100,Web,Commercial Property,00Q4cdf15e4b028
006562049c22448,Hooli 97 - Group Health Insurance,Closed Won,112464,2025-09-09,2026-02-15,100,Trade Show,Group Health Insurance,00Q6e1c703537e5
0065642e3a11f5a,Cyberdyne 28 - Pension Fund Management,Closed Won,1204967,2025-10-11,2026-04-05,100,Partner,Pension Fund Management,00Q8e02d807d216
006e7f7cf3df70f,Globex 83 - Commercial Property,Closed Won,1127416,2025-02-14,2025-07-26,100,Web,Commercial Property,00Q58309ebac35d
006a9f175c0d2f2,Black Mesa 12 - Pension Fund Management,Closed Won,20319,2025-08-11,2026-01-24,100,Partner,Pension Fund Management,00Q75f5f3959f90
006773839e102cd,Vandelay Ind 16 - Commercial Property,Closed Won,23014,2025-06-02,2025-08-07,100,LinkedIn,Commercial Property,00Qbfb4840ba240
006367d9ea11f85,Umbrella Corp 4 - Corporate Life Insurance,Closed Won,461188,2025-10-28,2026-01-02,100,Web,Corporate Life Insurance,00Q89fa8cff66f8
0064b5f26605a13,Globex 89 - Pension Fund Management,Closed Lost,84665,2025-04-21,2025-08-17,0,Partner,Pension Fund Management,00Q5fccf5abf43e
006a308e62e3e65,Soylent Corp 36 - Corporate Life Insurance,Closed Won,14498,2025-04-21,2025-09-26,100,Cold Call,Corporate Life Insurance,00Q71b597f5e2a8
006b7ade815f33c,Virtucon 58 - Commercial Property,Closed Lost,24265,2025-08-02,2026-01-25,0,Referral,Commercial Property,00Q80445bfa5d13
006c3c382b86586,Black Mesa 77 - Group Health Insurance,Negotiation/Review,60341,2025-04-01,2025-06-02,90,Referral,Group Health Insurance,00Qb0bc7730298f
006951e179b2b87,Globex 91 - Pension Fund Management,Qualification,5477,2025-08-06,2025-12-03,20,Partner,Pension Fund Management,00Qcd4f8992e02c
0067af62da9e7f5,Virtucon 95 - Cyber Liability Insurance,Prospecting,22692,2025-11-07,2026-01-15,10,Partner,Cyber Liability Insurance,00Q01fa583a4435
006c79d42a84ae6,Oscorp 97 - Commercial Property,Qualification,1700221,2025-06-21,2025-08-27,20,Partner,Commercial Property,00Q6998ae706811
006d2cd57895c12,Massive Dynamic 33 - Directors & Officers (D&O),Value Proposition,659082,2025-03-22,2025-05-04,50,Referral,Directors & Officers (D&O),00Q360e17e968f9
006ee5919579956,Virtucon 3 - Corporate Life Insurance,Qualification,43681,2025-03-17,2025-04-22,20,LinkedIn,Corporate Life Insurance,00Q5d6b3866c9f5
006bf5331e555b3,Acme Corp 4 - Fleet Auto Insurance,Proposal/Price Quote,38822,2025-09-05,2026-02-03,75,Cold Call,Fleet Auto Insurance,00Q65469dfa4d1b
0065bf323164fd3,LexCorp 76 - Commercial Property,Proposal/Price Quote,42925,2025-10-20,2026-04-11,75,Cold Call,Commercial Property,00Q6c44a9cc6661
00618b58a8e8398,Gekko & Co 48 - Cyber Liability Insurance,Value Proposition,360255,2025-10-22,2026-04-04,50,Cold Call,Cyber Liability Insurance,00Qfad1b5f80bd2
0061c0829ad215c,Soylent Corp 80 - Pension Fund Management,Qualification,143742,2025-03-25,2025-07-02,20,LinkedIn,Pension Fund Management,00Q4da9ece71923
0063608497192cf,Wayne Ent 17 - Cyber Liability Insurance,Needs Analysis,11463,2025-01-18,2025-05-07,30,Trade Show,Cyber Liability Insurance,00Q4601a5572b8f
00624410545204c,Wayne Ent 9 - Directors & Officers (D&O),Negotiation/Review,22544,2025-05-31,2025-08-19,90,Cold Call,Directors & Officers (D&O),00Q70416f8b3673
006e5f08ef8c0b1,Black Mesa 31 - Fleet Auto Insurance,Needs Analysis,24702,2025-01-19,2025-02-26,30,Cold Call,Fleet Auto Insurance,00Q3c781df1218e
006e3dbe17f366c,LexCorp 40 - Commercial Property,Value Proposition,148523,2025-07-17,2026-01-05,50,Partner,Commercial Property,00Q51901f3d8f5a
006845092ede3f8,Virtucon 9 - Commercial Property,Prospecting,5618,2025-07-21,2025-12-07,10,Web,Commercial Property,00Qb7d6308afaa5
006764175674e21,Acme Corp 30 - Fleet Auto Insurance,Prospecting,204217,2025-02-13,2025-04-29,10,Trade Show,Fleet Auto Insurance,00Qdb4fc4e4617e
006fdad8fd504bd,LexCorp 45 - Cyber Liability Insurance,Value Proposition,28504,2025-10-06,2025-11-12,50,LinkedIn,Cyber Liability Insurance,00Q435a0ce3f1c4
0069cf399a9f726,Oscorp 61 - Directors & Officers (D&O),Qualification,1942526,2025-03-18,2025-05-31,20,Referral,Directors & Officers (D&O),00Q87731a0616cf
006deeae0e184cb,Initech 66 - Commercial Property,Prospecting,361973,2025-05-14,2025-09-11,10,Partner,Commercial Property,00Q0c09d15e523a
00625c7d8abef11,Tyrell Corp 80 - Directors & Officers (D&O),Qualification,132045,2025-05-29,2025-08-03,20,Cold Call,Directors & Officers (D&O),00Q1500a0ac1ce0
006dc502e7447c9,Gekko & Co 85 - Cyber Liability Insurance,Needs Analysis,2400574,2025-04-30,2025-10-20,30,Trade Show,Cyber Liability Insurance,00Q3ee32cb83ac6
006bbb31edf64ec,Black Mesa 56 - Group Health Insurance,Value Proposition,26069,2025-03-04,2025-08-22,50,Referral,Group Health Insurance,00Q25948537c4c1
006671801dc4748,Globex 90 - Directors & Officers (D&O),Prospecting,668938,2025-04-15,2025-09-08,10,Web,Directors & Officers (D&O),00Q68889a212279
0066c0021d88c2e,Initech 89 - Cyber Liability Insurance,Value Proposition,18645,2025-08-07,2025-11-07,50,Partner,Cyber Liability Insurance,00Qc52f08fb8e79
006d2b8ffc05d27,Oscorp 49 - Pension Fund Management,Value Proposition,116493,2025-04-06,2025-09-03,50,Cold Call,Pension Fund Management,00Qb44a3d5c4ff8
0064801f918c579,Stark Ind 4 - Cyber Liability Insurance,Negotiation/Review,288448,2025-01-05,2025-03-15,90,Web,Cyber Liability Insurance,00Qdbcbd8f14175
00667df2155c7b2,Massive Dynamic 44 - Corporate Life Insurance,Prospecting,137950,2025-04-26,2025-09-06,10,Partner,Corporate Life Insurance,00Q223d0dd3f28d
0063d0a901e667a,LexCorp 68 - Fleet Auto Insurance,Needs Analysis,29614,2025-11-20,2026-03-23,30,Referral,Fleet Auto Insurance,00Q32526602f751
0060367df1380ec,Umbrella Corp 39 - Commercial Property,Needs Analysis,529407,2025-02-14,2025-07-03,30,Referral,Commercial Property,00Qe08d6aa3506b
006b5637a79c927,Soylent Corp 19 - Fleet Auto Insurance,Needs Analysis,27615,2025-04-24,2025-10-15,30,Trade Show,Fleet Auto Insurance,00Q4f3399fc377c
00633abcdfcbd2a,Tyrell Corp 96 - Pension Fund Management,Proposal/Price Quote,385425,2025-11-24,2026-04-12,75,Trade Show,Pension Fund Management,00Q6cf0fe24a311
006743489a59e07,Globex 69 - Commercial Property,Proposal/Price Quote,46541,2025-04-25,2025-05-28,75,Referral,Commercial Property,00Q7c6e9ba75e09
006169c9bd61912,Tyrell Corp 88 - Directors & Officers (D&O),Qualification,395673,2025-06-01,2025-07-06,20,Trade Show,Directors & Officers (D&O),00Qce6c1e89570b
0064be92e939705,Wayne Ent 82 - Cyber Liability Insurance,Proposal/Price Quote,113208,2025-09-10,2026-02-24,75,Trade Show,Cyber Liability Insurance,00Qa4017a1012be
006928dd42aacab,Dunder Mifflin 62 - Cyber Liability Insurance,Value Proposition,660781,2025-05-14,2025-08-23,50,Referral,Cyber Liability Insurance,00Qb4d7279ec0c1
006759a331b1e07,Black Mesa 12 - Commercial Property,Qualification,152740,2025-04-17,2025-08-20,20,Trade Show,Commercial Property,00Qce79f6f51a63
0066ffa69d5afb1,Vandelay Ind 34 - Fleet Auto Insurance,Proposal/Price Quote,48338,2025-03-12,2025-05-19,75,LinkedIn,Fleet Auto Insurance,00Q07f3e5f750e2
006c463f918d831,Umbrella Corp 34 - Directors & Officers (D&O),Proposal/Price Quote,15113,2025-11-07,2026-01-03,75,Web,Directors & Officers (D&O),00Q21182f9395bc
0064c62b21133e5,Gekko & Co 64 - Commercial Property,Negotiation/Review,233153,2025-01-23,2025-03-11,90,LinkedIn,Commercial Property,00Qc57aa5c39313
006d18d4aeecd91,Oscorp 80 - Corporate Life Insurance,Negotiation/Review,802737,2025-11-17,2026-02-26,90,Referral,Corporate Life Insurance,00Q3dcf1dc5e6ba
006dd41394797bb,Vandelay Ind 90 - Directors & Officers (D&O),Needs Analysis,34923,2025-05-20,2025-10-01,30,Web,Directors & Officers (D&O),00Q8e46a3fd8630
0069fb83db60e98,Massive Dynamic 4 - Pension Fund Management,Negotiation/Review,158669,2025-05-07,2025-10-11,90,Cold Call,Pension Fund Management,00Q894f31c44d45
006947e4d5c5ef8,Wayne Ent 92 - Directors & Officers (D&O),Qualification,299089,2025-08-31,2025-10-14,20,Cold Call,Directors & Officers (D&O),00Q39ff4d607b49
006d15515f98616,Virtucon 35 - Corporate Life Insurance,Needs Analysis,228415,2025-07-16,2025-08-15,30,Trade Show,Corporate Life Insurance,00Qff60f9cee7eb
00633ae087b548a,Vandelay Ind 94 - Commercial Property,Negotiation/Review,67019,2025-06-20,2025-08-29,90,Web,Commercial Property,00Q65c0abd05855
0065f133da7a936,Cyberdyne 80 - Corporate Life Insurance,Prospecting,632632,2025-11-21,2026-05-20,10,Partner,Corporate Life Insurance,00Q0e996a9b7940
00665c2cee3e6fb,Virtucon 33 - Corporate Life Insurance,Qualification,567815,2025-11-07,2026-05-01,20,Referral,Corporate Life Insurance,00Q0dead83d6582
006337d586601db,Acme Corp 63 - Directors & Officers (D&O),Prospecting,448452,2025-01-13,2025-03-16,10,Web,Directors & Officers (D&O),00Q4e2ef183cd90
0060ee2cd34c1c7,Initech 18 - Directors & Officers (D&O),Needs Analysis,135606,2025-02-13,2025-04-14,30,Web,Directors & Officers (D&O),00Q1508fdb6458d
00687ef4a042461,Aperture Science 20 - Directors & Officers (D&O),Value Proposition,54818,2025-07-21,2026-01-10,50,Trade Show,Directors & Officers (D&O),00Qccadbae7ee4a
006e7bc9246d8ff,LexCorp 65 - Cyber Liability Insurance,Proposal/Price Quote,6229,2025-02-01,2025-05-08,75,Partner,Cyber Liability Insurance,00Q424b3c9e6df9
006cb2afdbd8709,Globex 10 - Fleet Auto Insurance,Value Proposition,65457,2025-11-25,2026-04-16,50,Trade Show,Fleet Auto Insurance,00Q805bb51cc07a
00699fe73bcfb00,Hooli 88 - Pension Fund Management,Proposal/Price Quote,264223,2025-11-01,2026-02-07,75,Partner,Pension Fund Management,00Qe86930f48fba
006e027cc60e74f,Vandelay Ind 35 - Directors & Officers (D&O),Negotiation/Review,8601,2025-06-03,2025-07-04,90,Cold Call,Directors & Officers (D&O),00Q5e8b9a903e08
00605f329a2af14,Aperture Science 12 - Group Health Insurance,Qualification,191244,2025-02-25,2025-05-24,20,Partner,Group Health Insurance,00Qd11f0eddc82c
006fb0991cc09f0,Vandelay Ind 92 - Commercial Property,Value Proposition,67097,2025-03-29,2025-09-09,50,LinkedIn,Commercial Property,00Qeb9d45cc6105
00681491d53b2b3,Black Mesa 79 - Corporate Life Insurance,Qualification,44835,2025-02-15,2025-04-21,20,Web,Corporate Life Insurance,00Q405543d1cfa0
0064bc0ac7ec200,Oscorp 36 - Pension Fund Management,Value Proposition,16717,2025-10-10,2026-04-08,50,Partner,Pension Fund Management,00Q784c17d062dc
0068e6484ae81d9,Acme Corp 70 - Directors & Officers (D&O),Prospecting,21185,2025-06-18,2025-07-31,10,Cold Call,Directors & Officers (D&O),00Q87dd76af3503
0062261af917d5f,Umbrella Corp 76 - Fleet Auto Insurance,Proposal/Price Quote,327633,2025-06-01,2025-10-21,75,Partner,Fleet Auto Insurance,00Q6e65e0004024
00608e69ce7756b,Gekko & Co 93 - Pension Fund Management,Proposal/Price Quote,17670,2025-06-01,2025-07-28,75,Web,Pension Fund Management,00Q12841b72ae1e
006d7155df2c8bf,Gekko & Co 90 - Fleet Auto Insurance,Qualification,75964,2025-02-08,2025-07-12,20,Partner,Fleet Auto Insurance,00Q84abed1f34c0
0062eb9f21a71da,Tyrell Corp 41 - Directors & Officers (D&O),Needs Analysis,6729,2025-05-01,2025-09-05,30,LinkedIn,Directors & Officers (D&O),00Q0588c1b36ee8
006807245869efb,Dunder Mifflin 4 - Cyber Liability Insurance,Value Proposition,312617,2025-04-29,2025-07-08,50,Referral,Cyber Liability Insurance,00Q2461d2e056f2
006e52e7f67c3e1,Virtucon 24 - Corporate Life Insurance,Negotiation/Review,101490,2025-09-17,2025-12-14,90,Partner,Corporate Life Insurance,00Q5deca9aff0a0
006cf93c839b906,Wayne Ent 25 - Fleet Auto Insurance,Value Proposition,16162,2025-01-19,2025-03-17,50,Web,Fleet Auto Insurance,00Q2cabe9415d7d
006c66925513f65,Black Mesa 81 - Pension Fund Management,Value Proposition,1077835,2025-06-12,2025-08-16,50,Trade Show,Pension Fund Management,00Qe4516e03ff3b
006850161d52b3a,Cyberdyne 90 - Cyber Liability Insurance,Negotiation/Review,102439,2025-11-22,2026-04-12,90,LinkedIn,Cyber Liability Insurance,00Q0cd8e4b8e490
0063ba5576d01c2,Oscorp 20 - Pension Fund Management,Needs Analysis,426738,2025-08-15,2026-01-31,30,LinkedIn,Pension Fund Management,00Q8319132e00a2
0061a142b58f7ed,Virtucon 45 - Group Health Insurance,Proposal/Price Quote,77145,2025-06-20,2025-09-10,75,Web,Group Health Insurance,00Q035ac8adda66
0067c82baa53c53,Initech 15 - Directors & Officers (D&O),Proposal/Price Quote,6799,2025-06-06,2025-09-22,75,Cold Call,Directors & Officers (D&O),00Q779d4a500ae3
006e8f2a058f0b4,Dunder Mifflin 40 - Directors & Officers (D&O),Value Proposition,113604,2025-01-07,2025-05-10,50,Referral,Directors & Officers (D&O),00Qe8937fbc221c
006a60a8413e5ad,MomCorp 82 - Commercial Property,Needs Analysis,777736,2025-03-15,2025-07-02,30,LinkedIn,Commercial Property,00Qb36ad4203f45
006530ba280fdb9,Globex 47 - Corporate Life Insurance,Needs Analysis,30424,2025-03-30,2025-09-21,30,Cold Call,Corporate Life Insurance,00Qe23aa40bad25
006b7109590a8ea,Hooli 49 - Fleet Auto Insurance,Needs Analysis,10653,2025-10-28,2026-03-22,30,Trade Show,Fleet Auto Insurance,00Q6e122de8183b
00683970c098bb3,Massive Dynamic 76 - Pension Fund Management,Negotiation/Review,370118,2025-07-16,2026-01-03,90,Cold Call,Pension Fund Management,00Qc163b9f4825f
0061fb0e71ee64f,Globex 74 - Fleet Auto Insurance,Prospecting,487881,2025-05-31,2025-11-01,10,Cold Call,Fleet Auto Insurance,00Q07955d34650a
006b4f2bda580c5,Oscorp 28 - Pension Fund Management,Value Proposition,221095,2025-04-14,2025-09-11,50,Referral,Pension Fund Management,00Q46a023b7936f
006f2842a9b44c9,Dunder Mifflin 61 - Group Health Insurance,Negotiation/Review,129085,2025-06-11,2025-11-09,90,LinkedIn,Group Health Insurance,00Q3a77df1fe2fd
006a69655694a8e,Acme Corp 21 - Corporate Life Insurance,Value Proposition,182416,2025-03-10,2025-07-09,50,LinkedIn,Corporate Life Insurance,00Qc796192f026b
006c81f61fffa85,Hooli 53 - Fleet Auto Insurance,Qualification,119357,2025-06-06,2025-10-08,20,LinkedIn,Fleet Auto Insurance,00Q736b89efc8a4
006e200384e8e2e,Aperture Science 77 - Directors & Officers (D&O),Negotiation/Review,68815,2025-10-23,2025-11-30,90,LinkedIn,Directors & Officers (D&O),00Qa5c2f5ad7542
0060bf362b448a7,Stark Ind 50 - Fleet Auto Insurance,Needs Analysis,305151,2025-11-14,2026-05-07,30,Trade Show,Fleet Auto Insurance,00Qd61abb2cc4eb
006bc6ffb981095,Virtucon 93 - Fleet Auto Insurance,Prospecting,231203,2025-08-14,2025-11-10,10,Referral,Fleet Auto Insurance,00Q74a30f0ece04
006c9221b8f2d77,Acme Corp 15 - Group Health Insurance,Prospecting,8847,2025-10-19,2026-04-16,10,Web,Group Health Insurance,00Qb0de2402b82f
006f4fd34ed65bb,Hooli 19 - Pension Fund Management,Proposal/Price Quote,53052,2025-06-28,2025-12-19,75,Partner,Pension Fund Management,00Q56f759c32377
006fb56ba65fd5c,Black Mesa 28 - Cyber Liability Insurance,Qualification,182092,2025-03-13,2025-07-02,20,Trade Show,Cyber Liability Insurance,00Qd9ff93cd601a
006228b6c949597,Dunder Mifflin 24 - Commercial Property,Negotiation/Review,291160,2025-04-13,2025-05-18,90,Trade Show,Commercial Property,00Q327c83cbf11c
006de2023f326e3,MomCorp 17 - Cyber Liability Insurance,Prospecting,450664,2025-02-05,2025-05-11,10,Cold Call,Cyber Liability Insurance,00Qcda6326a5b65
00665da139b3b21,Wayne Ent 69 - Corporate Life Insurance,Needs Analysis,40944,2025-01-23,2025-07-11,30,Cold Call,Corporate Life Insurance,00Qe42459d19c10
006716de710f769,Initech 85 - Corporate Life Insurance,Value Proposition,209302,2025-09-10,2026-01-19,50,Web,Corporate Life Insurance,00Q0f6f5dce1343
0061389559db570,Stark Ind 66 - Pension Fund Management,Needs Analysis,8217,2025-01-05,2025-04-27,30,Cold Call,Pension Fund Management,00Q333269385c64
0067e95c6c41fb8,MomCorp 1 - Corporate Life Insurance,Qualification,635477,2025-06-27,2025-09-23,20,Partner,Corporate Life Insurance,00Qf09883c357ea
0063d4d5630c429,Cyberdyne 68 - Group Health Insurance,Value Proposition,175272,2025-06-25,2025-11-23,50,Trade Show,Group Health Insurance,00Q6748aef1381c
00615a0cdbac264,Tyrell Corp 86 - Cyber Liability Insurance,Qualification,161006,2025-02-19,2025-07-23,20,Referral,Cyber Liability Insurance,00Q899fdb60b109
006f65811cdfc83,LexCorp 85 - Directors & Officers (D&O),Value Proposition,19767,2025-07-22,2026-01-02,50,LinkedIn,Directors & Officers (D&O),00Qd67ecda4f2e8
006c9a4984dd33d,Massive Dynamic 45 - Directors & Officers (D&O),Proposal/Price Quote,413910,2025-10-14,2026-03-24,75,Cold Call,Directors & Officers (D&O),00Qe7dbb6bc66d0
006d6b67adda54e,Massive Dynamic 62 - Commercial Property,Qualification,159608,2025-04-29,2025-09-01,20,Trade Show,Commercial Property,00Q1c401c7c9f33
0063a23309a6c79,Tyrell Corp 35 - Commercial Property,Needs Analysis,11503,2025-10-06,2026-03-02,30,Web,Commercial Property,00Q0658f36f6399
0067a3ad64af3b2,Cyberdyne 24 - Pension Fund Management,Proposal/Price Quote,3477698,2025-07-04,2025-12-20,75,Trade Show,Pension Fund Management,00Qd49f2014297f
00600bb44e0ba82,LexCorp 3 - Directors & Officers (D&O),Qualification,9612,2025-09-04,2025-11-22,20,LinkedIn,Directors & Officers (D&O),00Q8057e7c71ceb
006abbc3cdb185f,Aperture Science 4 - Commercial Property,Value Proposition,754096,2025-11-23,2026-02-07,50,Trade Show,Commercial Property,00Qd59037688f36
0064f9a568dfa65,MomCorp 65 - Corporate Life Insurance,Needs Analysis,49179,2025-07-19,2025-10-03,30,Referral,Corporate Life Insurance,00Qff79cdf74c7e
006e6a5e073b3d1,Umbrella Corp 77 - Directors & Officers (D&O),Negotiation/Review,7899,2025-04-04,2025-07-17,90,Cold Call,Directors & Officers (D&O),00Q16e9a00c2c78
006e775537334a1,Gekko & Co 43 - Pension Fund Management,Qualification,147406,2025-08-19,2026-01-15,20,Cold Call,Pension Fund Management,00Qcaa53c172196
006cbe83d4e50a5,Umbrella Corp 36 - Corporate Life Insurance,Value Proposition,444374,2025-04-16,2025-08-31,50,LinkedIn,Corporate Life Insurance,00Q0c87c5969a7f
006c891c8b76361,Wayne Ent 91 - Commercial Property,Needs Analysis,174307,2025-10-05,2025-11-20,30,Web,Commercial Property,00Qc653f6c842c1
006376d95fcbc6b,Virtucon 24 - Fleet Auto Insurance,Value Proposition,97354,2025-07-09,2025-12-08,50,Web,Fleet Auto Insurance,00Qc2f2c4547e38
00667fca8a6526b,Soylent Corp 52 - Corporate Life Insurance,Value Proposition,328980,2025-06-12,2025-11-17,50,Partner,Corporate Life Insurance,00Q1cc2481c5849
0069e655cb7781f,Vandelay Ind 84 - Pension Fund Management,Value Proposition,21915,2025-04-25,2025-07-18,50,Web,Pension Fund Management,00Q1f51076627d9
006fb4c55e4715b,Umbrella Corp 59 - Group Health Insurance,Prospecting,23012,2025-08-19,2025-12-15,10,Cold Call,Group Health Insurance,00Q2aeaaa5bb102
006fb5e83d10001,Tyrell Corp 47 - Fleet Auto Insurance,Value Proposition,11117,2025-02-01,2025-04-18,50,LinkedIn,Fleet Auto Insurance,00Qca16584c0ae8
006c3031ce02f44,Umbrella Corp 36 - Corporate Life Insurance,Qualification,89067,2025-01-07,2025-04-13,20,LinkedIn,Corporate Life Insurance,00Qcccb6f80d51a
0062633128cd148,Cyberdyne 59 - Group Health Insurance,Qualification,536706,2025-06-24,2025-09-02,20,Referral,Group Health Insurance,00Q476587feaa74
006cfbc9be12bbd,Black Mesa 91 - Cyber Liability Insurance,Proposal/Price Quote,49405,2025-06-23,2025-10-29,75,Web,Cyber Liability Insurance,00Qdcce76b120da
0066efb0ef8ebd9,Virtucon 94 - Commercial Property,Prospecting,25265,2025-04-04,2025-06-04,10,LinkedIn,Commercial Property,00Qcf7a6ee9a634
00651a11f788d7a,Dunder Mifflin 62 - Fleet Auto Insurance,Prospecting,272364,2025-06-28,2025-10-05,10,Web,Fleet Auto Insurance,00Q61048eb7884d
0062fb6a194810a,Initech 9 - Directors & Officers (D&O),Value Proposition,44719,2025-05-13,2025-07-24,50,LinkedIn,Directors & Officers (D&O),00Q8119b4b70708
0066836d9a2b86d,Tyrell Corp 16 - Commercial Property,Proposal/Price Quote,86878,2025-08-16,2025-12-04,75,Partner,Commercial Property,00Qd7bf2cdf9d32
0068de0767d0b88,MomCorp 63 - Directors & Officers (D&O),Prospecting,74602,2025-04-26,2025-07-14,10,Web,Directors & Officers (D&O),00Q549b8cb5979d
0062409361c5b67,Dunder Mifflin 56 - Group Health Insurance,Negotiation/Review,76580,2025-08-11,2026-01-30,90,Partner,Group Health Insurance,00Q6bfabb65757e
00615fd1f17b755,Wayne Ent 75 - Fleet Auto Insurance,Value Proposition,37609,2025-07-02,2025-08-04,50,Web,Fleet Auto Insurance,00Q660fd7b2b9b1
00691bc73795f72,LexCorp 51 - Commercial Property,Value Proposition,53991,2025-07-23,2025-10-29,50,Partner,Commercial Property,00Q26846486a724
006d5745e8add07,Stark Ind 99 - Fleet Auto Insurance,Value Proposition,34165,2025-06-17,2025-11-30,50,Referral,Fleet Auto Insurance,00Qac96e4d61b0f
0067abe7a5d291e,Wayne Ent 2 - Directors & Officers (D&O),Needs Analysis,28569,2025-01-26,2025-05-29,30,LinkedIn,Directors & Officers (D&O),00Qb0cc4dea767e
006524caf19a3cf,Soylent Corp 49 - Fleet Auto Insurance,Qualification,199417,2025-07-20,2025-11-04,20,Referral,Fleet Auto Insurance,00Q115a2555c996
006fe977cb973eb,Virtucon 6 - Directors & Officers (D&O),Value Proposition,1043837,2025-11-05,2025-12-26,50,Cold Call,Directors & Officers (D&O),00Q601ef42c3349
00608de6f6b3bb2,Vandelay Ind 13 - Cyber Liability Insurance,Prospecting,31633,2025-07-23,2025-12-02,10,Trade Show,Cyber Liability Insurance,00Qccdfc4fe1072
0065e020a3dabd1,Wayne Ent 76 - Pension Fund Management,Proposal/Price Quote,55195,2025-07-03,2025-08-28,75,Web,Pension Fund Management,00Q7b930766d137
00626f61436f129,Virtucon 87 - Pension Fund Management,Negotiation/Review,202607,2025-11-04,2026-02-22,90,Web,Pension Fund Management,00Qce4dae519319
0065b79653a87d8,Stark Ind 77 - Group Health Insurance,Needs Analysis,155882,2025-09-25,2026-03-03,30,Cold Call,Group Health Insurance,00Qe8a9860a1cd1
006d8efd0688da4,Stark Ind 76 - Corporate Life Insurance,Negotiation/Review,129298,2025-04-10,2025-05-23,90,Web,Corporate Life Insurance,00Qd110a17e4100
006c60099109d7f,MomCorp 26 - Corporate Life Insurance,Needs Analysis,104973,2025-01-18,2025-04-14,30,Referral,Corporate Life Insurance,00Q36bbd61f78ab
00690f527e64cc4,MomCorp 15 - Pension Fund Management,Qualification,136370,2025-09-24,2025-12-18,20,Cold Call,Pension Fund Management,00Q4599b0beaaaf
0062523ef24823d,Massive Dynamic 92 - Cyber Liability Insurance,Negotiation/Review,1411570,2025-09-20,2026-02-16,90,Web,Cyber Liability Insurance,00Q934d6e044db7
006b1c7f7b4370c,Black Mesa 54 - Pension Fund Management,Negotiation/Review,1457873,2025-04-24,2025-08-23,90,Trade Show,Pension Fund Management,00Q8515d36e2126
00695e2d039d9fb,Gekko & Co 83 - Commercial Property,Needs Analysis,191883,2025-04-15,2025-10-04,30,Web,Commercial Property,00Q2bd8e90b4d17
006c985ebc47c51,LexCorp 49 - Cyber Liability Insurance,Negotiation/Review,2766745,2025-02-19,2025-08-10,90,Web,Cyber Liability Insurance,00Q845599948561
0060e4488a65704,Gekko & Co 64 - Fleet Auto Insurance,Proposal/Price Quote,38989,2025-05-27,2025-08-05,75,Partner,Fleet Auto Insurance,00Qc1afd9ccf6cc
0064df907fc3bde,Initech 73 - Pension Fund Management,Proposal/Price Quote,11232,2025-04-26,2025-06-05,75,Web,Pension Fund Management,00Qe9f0e898544a
0068456d49298d5,Acme Corp 27 - Corporate Life Insurance,Prospecting,47211,2025-05-18,2025-06-23,10,Referral,Corporate Life Insurance,00Q7f53c7000b3d
0060063fe873744,Gekko & Co 73 - Cyber Liability Insurance,Needs Analysis,164391,2025-06-08,2025-11-17,30,Trade Show,Cyber Liability Insurance,00Qacf293645191
00688b0014824b7,Tyrell Corp 6 - Cyber Liability Insurance,Negotiation/Review,493340,2025-07-17,2025-09-29,90,LinkedIn,Cyber Liability Insurance,00Qb0b5c1072d1d
006fe4973dbabf0,Soylent Corp 48 - Fleet Auto Insurance,Proposal/Price Quote,25685,2025-06-03,2025-09-01,75,LinkedIn,Fleet Auto Insurance,00Qca928bb0451a
006d7d5c86ee169,Globex 36 - Group Health Insurance,Proposal/Price Quote,147919,2025-06-19,2025-08-28,75,Referral,Group Health Insurance,00Qebc2a631f9ef
00694b9a1c330a1,Globex 3 - Group Health Insurance,Qualification,199353,2025-01-09,2025-02-15,20,Trade Show,Group Health Insurance,00Q20fc1d36df47
006f71118de55d6,Hooli 30 - Fleet Auto Insurance,Prospecting,11990,2025-05-21,2025-06-21,10,Referral,Fleet Auto Insurance,00Q88d6c06dcb20
0066e98864a4f2a,Soylent Corp 67 - Fleet Auto Insurance,Needs Analysis,764511,2025-01-06,2025-06-02,30,Cold Call,Fleet Auto Insurance,00Q149c8ec5b7a8
006705ddd40b171,Black Mesa 52 - Group Health Insurance,Qualification,92607,2025-10-14,2025-12-01,20,Partner,Group Health Insurance,00Q30c0765d5460
0062f63e591bc2c,Aperture Science 61 - Pension Fund Management,Prospecting,577735,2025-01-18,2025-04-06,10,Cold Call,Pension Fund Management,00Qcc062f0a037a
0063f0610cb94f8,Dunder Mifflin 37 - Directors & Officers (D&O),Prospecting,54819,2025-09-20,2025-11-11,10,Cold Call,Directors & Officers (D&O),00Qca4d2e3cf08c
006eb60a4a372bb,LexCorp 33 - Fleet Auto Insurance,Value Proposition,158093,2025-11-26,2026-01-31,50,Web,Fleet Auto Insurance,00Q05231b37eeff
006d5028046c844,MomCorp 8 - Group Health Insurance,Needs Analysis,885971,2025-02-24,2025-07-04,30,LinkedIn,Group Health Insurance,00Q2bfa2b1da934
006c5157b829f01,Cyberdyne 1 - Group Health Insurance,Prospecting,176338,2025-05-07,2025-06-24,10,Trade Show,Group Health Insurance,00Q26f2e39ba3fb
00670075dd41942,Oscorp 89 - Pension Fund Management,Prospecting,483214,2025-11-06,2026-01-21,10,Cold Call,Pension Fund Management,00Q944bb3d2ff31
006ed4f5c20d6fd,Dunder Mifflin 96 - Fleet Auto Insurance,Negotiation/Review,689717,2025-03-02,2025-05-20,90,Referral,Fleet Auto Insurance,00Qd1a499f137e7
006dca9cba221a7,Black Mesa 48 - Directors & Officers (D&O),Negotiation/Review,28701,2025-10-28,2026-02-26,90,Web,Directors & Officers (D&O),00Qa7fe02271e2e
0068edfc74e1bbc,Aperture Science 18 - Directors & Officers (D&O),Qualification,11552,2025-08-05,2025-10-29,20,Referral,Directors & Officers (D&O),00Q36feb11c80b1
0067941f12899a7,Virtucon 8 - Group Health Insurance,Prospecting,12567,2025-07-07,2025-08-27,10,Cold Call,Group Health Insurance,00Qc717883e8263
006fe30cf3834a4,Tyrell Corp 53 - Directors & Officers (D&O),Proposal/Price Quote,101933,2025-05-20,2025-06-24,75,Cold Call,Directors & Officers (D&O),00Q834baa780bd5
0066c8509b75a4c,Cyberdyne 30 - Pension Fund Management,Negotiation/Review,520982,2025-10-06,2026-02-25,90,Cold Call,Pension Fund Management,00Qf37f7c8c9d96
006e1e41d32171b,Umbrella Corp 47 - Commercial Property,Needs Analysis,29605,2025-06-12,2025-08-02,30,Cold Call,Commercial Property,00Q64353ddbd364
00683e655f14d67,Hooli 61 - Fleet Auto Insurance,Qualification,33729,2025-10-21,2025-12-11,20,Partner,Fleet Auto Insurance,00Q94f61fe79aed
006b5fe18a92b65,MomCorp 62 - Cyber Liability Insurance,Value Proposition,171146,2025-08-12,2025-12-25,50,Partner,Cyber Liability Insurance,00Qdc33c1fa7879
006bd3e2aefd171,Oscorp 64 - Directors & Officers (D&O),Needs Analysis,76817,2025-09-25,2025-10-29,30,Trade Show,Directors & Officers (D&O),00Q7d971dd39687
006a6e1ccc0b79f,Soylent Corp 85 - Fleet Auto Insurance,Needs Analysis,127345,2025-09-22,2026-02-06,30,Web,Fleet Auto Insurance,00Q7b2dc42823c0
00674b6ebf1fb80,Soylent Corp 89 - Corporate Life Insurance,Negotiation/Review,30973,2025-08-29,2026-02-02,90,Trade Show,Corporate Life Insurance,00Q38083802e966
006539e59ac1ca1,Acme Corp 85 - Commercial Property,Proposal/Price Quote,35258,2025-08-22,2025-10-10,75,Referral,Commercial Property,00Qdd6e680bc4f5
00612b5b105510c,Stark Ind 93 - Pension Fund Management,Needs Analysis,211949,2025-05-13,2025-06-13,30,Partner,Pension Fund Management,00Q4840e679a879
0066063f1e41ab5,Vandelay Ind 76 - Group Health Insurance,Value Proposition,7326,2025-08-21,2025-11-26,50,Cold Call,Group Health Insurance,00Q9a2df0aef85f
006ae0ace2462a4,Wayne Ent 86 - Fleet Auto Insurance,Qualification,163902,2025-03-07,2025-06-07,20,Web,Fleet Auto Insurance,00Qb38f3066b532
006e59cd560dd5e,Acme Corp 42 - Fleet Auto Insurance,Prospecting,74106,2025-01-30,2025-06-11,10,Referral,Fleet Auto Insurance,00Q3057db22c9d3
0062d9a62fff364,Black Mesa 55 - Cyber Liability Insurance,Needs Analysis,7293,2025-07-17,2025-11-18,30,LinkedIn,Cyber Liability Insurance,00Qbd58089767c9
006977ae03b6246,Massive Dynamic 63 - Group Health Insurance,Proposal/Price Quote,122131,2025-06-02,2025-11-12,75,Partner,Group Health Insurance,00Qb93766429425
0064639bbd58bb1,MomCorp 13 - Commercial Property,Negotiation/Review,49344,2025-07-24,2025-09-06,90,Web,Commercial Property,00Q67d2e2c57b55
006307162fdf7db,Hooli 83 - Group Health Insurance,Proposal/Price Quote,64545,2025-08-20,2025-12-23,75,Partner,Group Health Insurance,00Qa8a1f594bfd3
00613ef0996f32e,Stark Ind 30 - Directors & Officers (D&O),Negotiation/Review,8739,2025-07-24,2025-11-26,90,Partner,Directors & Officers (D&O),00Q0053450da74d
006fa006fb3dd59,Virtucon 71 - Group Health Insurance,Needs Analysis,78386,2025-03-17,2025-08-08,30,Partner,Group Health Insurance,00Q5abb33a073fa
0067f0703d907f0,Hooli 59 - Group Health Insurance,Negotiation/Review,358497,2025-11-11,2026-04-04,90,Web,Group Health Insurance,00Q80d7b4c2d2d5
0068c309b6fb014,Vandelay Ind 99 - Cyber Liability Insurance,Prospecting,67882,2025-11-24,2026-03-26,10,Trade Show,Cyber Liability Insurance,00Qbcd035b5eb8c
006ad5540db7470,Gekko & Co 85 - Group Health Insurance,Prospecting,510178,2025-07-10,2025-12-17,10,Trade Show,Group Health Insurance,00Q3956fba9aefd
006602cb7ec8bce,Tyrell Corp 88 - Fleet Auto Insurance,Prospecting,37560,2025-06-03,2025-11-06,10,Cold Call,Fleet Auto Insurance,00Q03b9307ab852
006a679cae82253,Acme Corp 73 - Cyber Liability Insurance,Negotiation/Review,44789,2025-08-29,2025-11-27,90,Cold Call,Cyber Liability Insurance,00Qb592f25e629e
0063c493014711f,Globex 27 - Group Health Insurance,Needs Analysis,205181,2025-02-27,2025-07-18,30,Partner,Group Health Insurance,00Qba1dca5cd2f7
006ba1501db9c42,Wayne Ent 8 - Pension Fund Management,Qualification,22767,2025-04-08,2025-08-16,20,Web,Pension Fund Management,00Qf99513021320
006efa3e3c28ce2,Cyberdyne 38 - Corporate Life Insurance,Value Proposition,255982,2025-04-17,2025-06-19,50,Trade Show,Corporate Life Insurance,00Q691cae9fda81
0065ae099acbacf,Acme Corp 39 - Corporate Life Insurance,Value Proposition,25831,2025-07-07,2025-09-29,50,Web,Corporate Life Insurance,00Q77e95f7e07e0
006dafb4151bd56,Cyberdyne 34 - Cyber Liability Insurance,Negotiation/Review,90780,2025-04-09,2025-09-13,90,LinkedIn,Cyber Liability Insurance,00Q3bcf3ae7679d
006160c87077545,Acme Corp 65 - Directors & Officers (D&O),Needs Analysis,762403,2025-05-29,2025-09-30,30,Trade Show,Directors & Officers (D&O),00Q3abd039a02a4
006576af89ccf45,Dunder Mifflin 98 - Group Health Insurance,Needs Analysis,465577,2025-07-25,2026-01-03,30,Cold Call,Group Health Insurance,00Q3e445ef5f34d
0061bfd9df37e1f,MomCorp 96 - Cyber Liability Insurance,Prospecting,117582,2025-02-04,2025-04-25,10,Partner,Cyber Liability Insurance,00Q66622689d68d
0065daccf7cb33f,Vandelay Ind 65 - Pension Fund Management,Qualification,261839,2025-08-13,2025-10-28,20,Web,Pension Fund Management,00Q5282bcf357a8
006c6e9d2547a8b,Virtucon 64 - Fleet Auto Insurance,Prospecting,279299,2025-02-13,2025-05-07,10,Referral,Fleet Auto Insurance,00Qca52d2b70caf
0067586461321c7,Wayne Ent 91 - Fleet Auto Insurance,Prospecting,133515,2025-06-08,2025-11-14,10,Trade Show,Fleet Auto Insurance,00Q26c9d8a7d98f
0066cf832b4e07a,Aperture Science 7 - Directors & Officers (D&O),Needs Analysis,98184,2025-06-30,2025-12-22,30,Cold Call,Directors & Officers (D&O),00Q8f5e057b3d3b
006e40c00cf8327,Virtucon 90 - Directors & Officers (D&O),Qualification,745083,2025-07-01,2025-11-12,20,Cold Call,Directors & Officers (D&O),00Qaeed418ac9d0
00621db22c393e1,Acme Corp 4 - Corporate Life Insurance,Negotiation/Review,581378,2025-10-04,2026-03-06,90,Cold Call,Corporate Life Insurance,00Q50dcf7256b09
0063fb46537f18a,Vandelay Ind 21 - Commercial Property,Proposal/Price Quote,588491,2025-04-19,2025-06-05,75,Trade Show,Commercial Property,00Q9ec5fb96af79
006fa0cf752a043,Aperture Science 34 - Cyber Liability Insurance,Negotiation/Review,11055,2025-02-20,2025-03-22,90,Cold Call,Cyber Liability Insurance,00Q08d77df76c8e
006225d7e532bc3,Stark Ind 44 - Group Health Insurance,Negotiation/Review,27958,2025-07-15,2025-09-14,90,Web,Group Health Insurance,00Q9fceff37f6ae
0062a09e704b7f0,Black Mesa 51 - Corporate Life Insurance,Value Proposition,8787,2025-08-04,2025-11-04,50,Partner,Corporate Life Insurance,00Q29be87179e0a
006f2d7bf18ce07,Soylent Corp 56 - Cyber Liability Insurance,Needs Analysis,385751,2025-04-28,2025-06-22,30,Web,Cyber Liability Insurance,00Qbeffa34bd612
00600b3952e45bb,Cyberdyne 40 - Cyber Liability Insurance,Prospecting,1403841,2025-07-25,2025-08-26,10,Trade Show,Cyber Liability Insurance,00Qc1ddb542f8ea
006e0c4806cb8aa,Black Mesa 21 - Directors & Officers (D&O),Needs Analysis,567262,2025-04-06,2025-06-08,30,Trade Show,Directors & Officers (D&O),00Qa8bd0111c0db
006d96ce2b41a53,Initech 62 - Directors & Officers (D&O),Prospecting,785077,2025-01-22,2025-05-24,10,LinkedIn,Directors & Officers (D&O),00Q4c25281fade0
006b206d6c5bb4f,Wayne Ent 22 - Directors & Officers (D&O),Negotiation/Review,881156,2025-03-19,2025-07-24,90,LinkedIn,Directors & Officers (D&O),00Qacd0a6717ac2
00697b6eedc0e69,MomCorp 39 - Group Health Insurance,Qualification,25551,2025-05-26,2025-08-02,20,Trade Show,Group Health Insurance,00Q64ee730d747b
00655e40af02bda,LexCorp 21 - Group Health Insurance,Needs Analysis,127657,2025-09-13,2026-02-13,30,LinkedIn,Group Health Insurance,00Q8c9f34549671
0064eb18da84f8c,Initech 40 - Corporate Life Insurance,Negotiation/Review,26231,2025-06-02,2025-11-24,90,Referral,Corporate Life Insurance,00Qf7b971c41500
006715fefea3d40,Soylent Corp 60 - Fleet Auto Insurance,Needs Analysis,128027,2025-02-25,2025-07-22,30,Trade Show,Fleet Auto Insurance,00Q5b8cd57a071e
006f25533922f09,Black Mesa 16 - Group Health Insurance,Prospecting,19293,2025-08-15,2025-12-05,10,Partner,Group Health Insurance,00Qab042c2312a0
00659687ba20373,Tyrell Corp 69 - Corporate Life Insurance,Qualification,168350,2025-06-13,2025-10-23,20,Cold Call,Corporate Life Insurance,00Q8f2640f41a10
00688a51186b906,Vandelay Ind 35 - Corporate Life Insurance,Negotiation/Review,9225,2025-05-22,2025-07-16,90,Partner,Corporate Life Insurance,00Qe9f7df52d9c7
0065f2a14400f9f,Oscorp 69 - Directors & Officers (D&O),Negotiation/Review,51915,2025-03-05,2025-04-04,90,LinkedIn,Directors & Officers (D&O),00Qedce7916fedf
006c8c0663c0668,Stark Ind 48 - Cyber Liability Insurance,Needs Analysis,6857,2025-11-13,2026-05-08,30,Referral,Cyber Liability Insurance,00Q11a55462282c
006c8565e3ccb96,Acme Corp 11 - Directors & Officers (D&O),Value Proposition,17068,2025-02-18,2025-04-20,50,Web,Directors & Officers (D&O),00Qb32f02800d80
0064ee5e466c714,Virtucon 75 - Directors & Officers (D&O),Needs Analysis,12803,2025-10-31,2026-03-31,30,Referral,Directors & Officers (D&O),00Qd3dd3cc3f875
00604d7f3c398ec,Cyberdyne 49 - Commercial Property,Prospecting,14365,2025-02-19,2025-05-31,10,Web,Commercial Property,00Q072d63b146ad
00674731af8ebc4,Massive Dynamic 42 - Fleet Auto Insurance,Proposal/Price Quote,161558,2025-02-16,2025-04-11,75,Cold Call,Fleet Auto Insurance,00Qe7d6a7b463c0
006dc23fea0f246,Wayne Ent 88 - Fleet Auto Insurance,Needs Analysis,66028,2025-03-31,2025-07-21,30,Referral,Fleet Auto Insurance,00Q75c62d91c049
0066c555cf8019e,MomCorp 84 - Corporate Life Insurance,Needs Analysis,28120,2025-11-04,2025-12-10,30,Trade Show,Corporate Life Insurance,00Q571f9526bf17
0066b86cc69e53c,Vandelay Ind 18 - Cyber Liability Insurance,Needs Analysis,38531,2025-04-22,2025-06-19,30,LinkedIn,Cyber Liability Insurance,00Q4c67e20ca3c6
0067f809876a4e4,Cyberdyne 60 - Pension Fund Management,Negotiation/Review,513380,2025-06-17,2025-09-05,90,Trade Show,Pension Fund Management,00Q5465b952adcb
0069a031e7708f1,Globex 2 - Cyber Liability Insurance,Proposal/Price Quote,73169,2025-09-18,2026-02-02,75,Partner,Cyber Liability Insurance,00Q37bc412d9a1f
006ecd02a2a8855,Initech 38 - Group Health Insurance,Qualification,48654,2025-03-11,2025-07-11,20,Cold Call,Group Health Insurance,00Q85469672b063
00655e82606efb5,MomCorp 27 - Group Health Insurance,Needs Analysis,36563,2025-09-26,2025-11-02,30,Cold Call,Group Health Insurance,00Q00053f0f1e4e
0063e79cc1e0e76,Acme Corp 28 - Group Health Insurance,Proposal/Price Quote,35397,2025-02-19,2025-04-30,75,Cold Call,Group Health Insurance,00Q7a327388349c
006746fd249a047,Dunder Mifflin 28 - Fleet Auto Insurance,Qualification,48839,2025-11-08,2025-12-19,20,Trade Show,Fleet Auto Insurance,00Qabe27a991f30
006a642e2779ca2,Cyberdyne 2 - Fleet Auto Insurance,Proposal/Price Quote,96889,2025-08-05,2025-11-22,75,Referral,Fleet Auto Insurance,00Qcfb86decb3bb
0062af12256c7ac,Stark Ind 1 - Commercial Property,Qualification,158796,2025-02-02,2025-03-26,20,Referral,Commercial Property,00Q988c73c4d76e
00684cddb5946d2,Dunder Mifflin 45 - Cyber Liability Insurance,Negotiation/Review,99091,2025-04-20,2025-05-30,90,Cold Call,Cyber Liability Insurance,00Qf127dc18aefb
00697141b3b3fc2,Aperture Science 39 - Corporate Life Insurance,Needs Analysis,70987,2025-06-21,2025-10-18,30,Web,Corporate Life Insurance,00Qd68a6d16762d
0063fbd4a2e54f7,Massive Dynamic 44 - Group Health Insurance,Needs Analysis,184646,2025-02-09,2025-06-16,30,Trade Show,Group Health Insurance,00Q8424696f6177
